Unnamed: 0,X,Y,ID,Weight,Cluster,MV_Power,Population,Substation,geometry
15871.0,1101104.9362201132,309425.2355168243,15876.0,1.0,1.0,0.0,0.0,1.0,POINT (1101104.936220113 309425.2355168243)
15879.0,1101418.0653134715,309543.5628180212,15884.0,1.0,1.0,0.0,0.0,1.0,POINT (1101418.065313471 309543.5628180212)
15899.0,1102095.7623216305,310062.9932714268,15904.0,1.0,1.0,0.0,0.0,1.0,POINT (1102095.76232163 310062.9932714268)
15903.0,1102283.6406490605,310123.79383171716,15908.0,1.0,1.0,0.0,0.0,1.0,POINT (1102283.64064906 310123.7938317172)
15917.0,1102920.8629259816,310372.1411197593,15923.0,1.0,1.0,0.0,0.0,1.0,POINT (1102920.862925982 310372.1411197593)
16564.0,1103745.034369813,311156.8758780871,16579.0,1.0,1.0,0.0,0.0,1.0,POINT (1103745.034369813 311156.8758780871)
16664.0,1100983.5196258486,312118.85622394626,16680.0,1.0,1.0,0.0,0.0,1.0,POINT (1100983.519625849 312118.8562239463)
16728.0,1101729.8738858206,311465.20641984,16746.0,1.0,1.0,0.0,0.0,1.0,POINT (1101729.873885821 311465.20641984)
16739.0,1102062.8945434494,311318.4055896933,16757.0,1.0,1.0,0.0,0.0,1.0,POINT (1102062.894543449 311318.4055896933)
16757.0,1102888.4823246596,310978.9437750315,16775.0,1.0,1.0,0.0,0.0,1.0,POINT (1102888.48232466 310978.9437750315)
16808.0,1102796.762374973,312025.9659884597,16828.0,1.0,1.0,0.0,0.0,1.0,POINT (1102796.762374973 312025.9659884597)
16817.0,1102984.777422124,312320.19151176396,16837.0,1.0,1.0,0.0,0.0,1.0,POINT (1102984.777422124 312320.191511764)
18988.0,1103495.9051304809,312849.84694193077,19022.0,1.0,1.0,0.0,0.0,1.0,POINT (1103495.905130481 312849.8469419308)
18998.0,1102220.354216944,312767.671287221,19032.0,1.0,1.0,0.0,0.0,1.0,POINT (1102220.354216944 312767.671287221)
19000.0,1101893.477956787,312609.47681457404,19034.0,1.0,1.0,0.0,0.0,1.0,POINT (1101893.477956787 312609.476814574)
19003.0,1101541.4843129232,312445.65865309373,19037.0,1.0,1.0,0.0,0.0,1.0,POINT (1101541.484312923 312445.6586530937)
19061.0,1103454.369946495,312523.8848862525,15577.0,3.0,1.0,0.7034457168922768,558.0,1.0,POINT (1103454.369946495 312523.8848862525)
19062.0,1102707.52965434,310285.11598786764,15918.0,3.0,1.0,0.0,0.0,1.0,POINT (1102707.52965434 310285.1159878676)
19063.0,1102989.160106703,310381.67051860515,15925.0,3.0,1.0,0.0,0.0,1.0,POINT (1102989.160106703 310381.6705186052)
19064.0,1104040.0879322023,311452.03955546784,16571.0,3.0,1.0,1.6409742255683415,1302.0,1.0,POINT (1104040.087932202 311452.0395554678)
19065.0,1103233.4108523065,312387.5188838473,16645.0,3.0,1.0,0.7706771622047768,612.0,1.0,POINT (1103233.410852307 312387.5188838473)
19066.0,1102437.35643436,311245.7452685285,16702.0,3.0,1.0,0.21462243105914144,171.0,1.0,POINT (1102437.35643436 311245.7452685285)
19067.0,1102649.699380048,310778.32496473164,16714.0,3.0,1.0,0.4134872816274832,328.0,1.0,POINT (1102649.699380048 310778.3249647316)
19068.0,1102860.9724364409,311000.64006079,16776.0,3.0,1.0,0.2728751601829185,217.0,1.0,POINT (1102860.972436441 311000.64006079)
19069.0,1101773.537862427,311547.8258736281,16824.0,3.0,1.0,1.030264069153382,817.0,1.0,POINT (1101773.537862427 311547.8258736281)
19070.0,1103184.7965058251,312961.64693195873,18085.0,3.0,1.0,0.0,0.0,1.0,POINT (1103184.796505825 312961.6469319587)
19071.0,1101499.458385169,312421.66712852736,19038.0,3.0,1.0,1.445751231769184,1147.0,1.0,POINT (1101499.458385169 312421.6671285274)
19072.0,1100850.6658699145,312033.0044459336,19048.0,3.0,1.0,0.0,0.0,1.0,POINT (1100850.665869914 312033.0044459336)
19073.0,1101708.1825243342,308957.4292551312,19117.0,3.0,1.0,0.8861205193803117,703.0,1.0,POINT (1101708.182524334 308957.4292551312)
19074.0,1102060.4407914141,308976.2630433041,19118.0,3.0,1.0,0.4730387113760183,376.0,1.0,POINT (1102060.440791414 308976.2630433041)
19075.0,1102258.8093020443,309138.42459978897,19149.0,3.0,1.0,0.3741432906485893,297.0,1.0,POINT (1102258.809302044 309138.424599789)
19076.0,1101919.0095312498,309311.73611243896,19168.0,3.0,1.0,0.1352177076941138,108.0,1.0,POINT (1101919.00953125 309311.736112439)
19077.0,1102041.064440308,309400.0690958314,19198.0,3.0,1.0,0.28326299461158544,225.0,1.0,POINT (1102041.064440308 309400.0690958314)
19078.0,1101128.4296027226,309407.6618812373,19202.0,3.0,1.0,0.538275637927356,427.0,1.0,POINT (1101128.429602723 309407.6618812373)
19079.0,1103057.8588355712,309441.89376942714,19214.0,3.0,1.0,0.11570338068781673,92.0,1.0,POINT (1103057.858835571 309441.8937694271)
19080.0,1101521.836107725,309451.4240720702,19224.0,3.0,1.0,0.6452088326806421,512.0,1.0,POINT (1101521.836107725 309451.4240720702)
19081.0,1100725.5098971492,309450.2363326825,19228.0,3.0,1.0,0.3880489253138637,308.0,1.0,POINT (1100725.509897149 309450.2363326825)
19082.0,1101739.6639964257,309531.33320200216,19258.0,3.0,1.0,0.7386072909724605,586.0,1.0,POINT (1101739.663996426 309531.3332020022)
19083.0,1102758.52948503,309590.9710906286,19291.0,3.0,1.0,0.1058047731073053,84.0,1.0,POINT (1102758.52948503 309590.9710906286)
19084.0,1100442.3472002493,309648.09601003444,19322.0,3.0,1.0,1.3129286473935788,1041.0,1.0,POINT (1100442.347200249 309648.0960100344)
19085.0,1103974.107002329,309687.71257534955,19332.0,3.0,1.0,0.3392793718973795,270.0,1.0,POINT (1103974.107002329 309687.7125753495)
19086.0,1103403.604025394,309710.03821430204,19341.0,3.0,1.0,0.0,0.0,1.0,POINT (1103403.604025394 309710.038214302)
19087.0,1100019.2868743243,309755.0960916761,19365.0,3.0,1.0,0.6998021352613294,555.0,1.0,POINT (1100019.286874324 309755.0960916761)
19088.0,1101271.1037153974,309815.17303456296,19393.0,3.0,1.0,1.3335147522591255,1058.0,1.0,POINT (1101271.103715397 309815.173034563)
19089.0,1101596.816553098,309890.6635185901,19426.0,3.0,1.0,0.6944808392911344,551.0,1.0,POINT (1101596.816553098 309890.6635185901)
19090.0,1102362.435536095,310024.0517344106,19469.0,3.0,1.0,0.2957733700726483,235.0,1.0,POINT (1102362.435536095 310024.0517344106)
19091.0,1103008.749867942,310030.2984306346,19474.0,3.0,1.0,0.17113871290877058,136.0,1.0,POINT (1103008.749867942 310030.2984306346)
19092.0,1102167.5117435842,310055.0739190186,19491.0,3.0,1.0,1.0266972775502248,815.0,1.0,POINT (1102167.511743584 310055.0739190186)
19093.0,1103705.2553318208,310095.02343291417,19503.0,3.0,1.0,0.2553882698540215,203.0,1.0,POINT (1103705.255331821 310095.0234329142)
19094.0,1102330.0959767646,310194.2357724714,19540.0,3.0,1.0,0.3256274374540861,259.0,1.0,POINT (1102330.095976765 310194.2357724714)
19095.0,1101666.8339612477,310214.20834645315,19547.0,3.0,1.0,0.10644247759569872,85.0,1.0,POINT (1101666.833961248 310214.2083464531)
19096.0,1103114.1361757752,310599.2409850461,19624.0,3.0,1.0,0.3270331661121265,260.0,1.0,POINT (1103114.136175775 310599.2409850461)
19097.0,1101970.124038647,310880.54245235084,19651.0,3.0,1.0,0.16594331260200018,132.0,1.0,POINT (1101970.124038647 310880.5424523508)
19098.0,1103838.0298325007,311081.0226097652,19673.0,3.0,1.0,0.5612661567894187,446.0,1.0,POINT (1103838.029832501 311081.0226097652)
19099.0,1100600.0671646707,311126.7333912356,19695.0,3.0,1.0,1.341852202372508,1064.0,1.0,POINT (1100600.067164671 311126.7333912356)
19100.0,1103189.2590482105,311182.5915036561,19706.0,3.0,1.0,0.27991447740846925,222.0,1.0,POINT (1103189.25904821 311182.5915036561)
19101.0,1102048.5177244144,311267.05081996555,19729.0,3.0,1.0,0.640736945727924,509.0,1.0,POINT (1102048.517724414 311267.0508199655)
19102.0,1100612.8247152893,311723.99966334767,19858.0,3.0,1.0,0.5849278465477196,464.0,1.0,POINT (1100612.824715289 311723.9996633477)
19103.0,1100857.7386942713,311743.39102234965,19863.0,3.0,1.0,0.4927572083687997,391.0,1.0,POINT (1100857.738694271 311743.3910223496)
19104.0,1102529.0023824512,311779.7271798325,19868.0,3.0,1.0,0.5561287799182238,441.0,1.0,POINT (1102529.002382451 311779.7271798325)
19105.0,1104430.1196479178,311800.73226709216,19874.0,3.0,1.0,0.7214641954232981,573.0,1.0,POINT (1104430.119647918 311800.7322670922)
19106.0,1102976.693629206,311899.6580360887,19911.0,3.0,1.0,0.4953495529106071,393.0,1.0,POINT (1102976.693629206 311899.6580360887)
19107.0,1102273.0341876221,312079.37960177823,19950.0,3.0,1.0,0.8667434018796627,688.0,1.0,POINT (1102273.034187622 312079.3796017782)
19108.0,1102304.935621071,312362.9995451098,20007.0,3.0,1.0,1.0207222625801156,810.0,1.0,POINT (1102304.935621071 312362.9995451098)
19109.0,1101802.9347911843,312498.08662202087,20059.0,3.0,1.0,0.4738585162807154,376.0,1.0,POINT (1101802.934791184 312498.0866220209)
19110.0,1102911.969241278,312510.5868846297,20066.0,3.0,1.0,0.2346996054778228,187.0,1.0,POINT (1102911.969241278 312510.5868846297)
19111.0,1101237.6348321463,312526.92948629963,20075.0,3.0,1.0,0.35165144928940784,279.0,1.0,POINT (1101237.634832146 312526.9294862996)
19112.0,1102112.5537331502,312690.46467218833,20133.0,3.0,1.0,0.8385680243346068,665.0,1.0,POINT (1102112.55373315 312690.4646721883)
19113.0,1102519.762665642,312752.4177784346,20151.0,3.0,1.0,0.0,0.0,1.0,POINT (1102519.762665642 312752.4177784346)
19114.0,1101384.0719984395,312797.26947515627,20172.0,3.0,1.0,0.8553284255019179,679.0,1.0,POINT (1101384.071998439 312797.2694751563)
19115.0,1102768.72808171,312845.7854475805,20192.0,3.0,1.0,0.9734349223300144,772.0,1.0,POINT (1102768.72808171 312845.7854475805)
19116.0,1103517.6814266078,312896.6825074826,20219.0,3.0,1.0,0.5676230963285979,451.0,1.0,POINT (1103517.681426608 312896.6825074826)
19117.0,1103149.6438928212,313144.25465421163,20309.0,3.0,1.0,0.906406144666242,719.0,1.0,POINT (1103149.643892821 313144.2546542116)
19118.0,1103995.6995892941,313469.98940846865,20340.0,3.0,1.0,0.4603601005485466,365.0,1.0,POINT (1103995.699589294 313469.9894084687)
26.0,1102053.624009777,308999.7709533762,19123.0,2.0,1.0,0.0,0.0,1.0,POINT (1102053.624009777 308999.7709533762)
53.0,1102137.6336724388,309143.40733054536,19150.0,2.0,1.0,0.0,0.0,1.0,POINT (1102137.633672439 309143.4073305454)
70.0,1101936.367090622,309305.29252940416,19167.0,2.0,1.0,0.0,0.0,1.0,POINT (1101936.367090622 309305.2925294042)
83.0,1101983.0529607423,309350.7821982359,19180.0,2.0,1.0,0.0,0.0,1.0,POINT (1101983.052960742 309350.7821982359)
104.0,1100633.2926801995,309398.1453280671,19201.0,2.0,1.0,0.0,0.0,1.0,POINT (1100633.292680199 309398.1453280671)
160.0,1101489.3380251087,309522.7808786841,19257.0,2.0,1.0,0.0,0.0,1.0,POINT (1101489.338025109 309522.7808786841)
278.0,1103524.6280017938,309788.28860287624,19375.0,2.0,1.0,0.0,0.0,1.0,POINT (1103524.628001794 309788.2886028762)
279.0,1101658.515695919,309776.08086975466,19376.0,2.0,1.0,0.0,0.0,1.0,POINT (1101658.515695919 309776.0808697547)
291.0,1101599.5844989778,309818.9490552011,19388.0,2.0,1.0,0.0,0.0,1.0,POINT (1101599.584498978 309818.9490552011)
384.0,1102945.6246776795,310040.5734875053,19481.0,2.0,1.0,0.0,0.0,1.0,POINT (1102945.62467768 310040.5734875053)
1028.0,1101450.7043003212,312668.8750703975,20125.0,2.0,1.0,0.0,0.0,1.0,POINT (1101450.704300321 312668.8750703975)
1092.0,1102473.9286243794,312836.62610955536,20189.0,2.0,1.0,0.0,0.0,1.0,POINT (1102473.928624379 312836.6261095554)
19147.0,1109806.835272547,312506.98817564594,20935.0,3.0,10.0,1.0299553116806992,817.0,1.0,POINT (1109806.835272547 312506.9881756459)
17626.0,1107125.2664021207,313188.69485137204,17651.0,1.0,11.0,0.0,0.0,1.0,POINT (1107125.266402121 313188.694851372)
17627.0,1107134.9428867586,313103.07765431656,17652.0,1.0,11.0,0.0,0.0,1.0,POINT (1107134.942886759 313103.0776543166)
18935.0,1107073.1946309987,313085.53215416154,18967.0,1.0,11.0,0.0,0.0,1.0,POINT (1107073.194630999 313085.5321541615)
18942.0,1106731.044240173,312896.2111336107,18974.0,1.0,11.0,0.0,0.0,1.0,POINT (1106731.044240173 312896.2111336107)
18953.0,1106082.827802901,312677.8170702932,18985.0,1.0,11.0,0.0,0.0,1.0,POINT (1106082.827802901 312677.8170702932)
19148.0,1107101.7523969796,313540.1883301313,17646.0,3.0,11.0,0.1685098106796677,134.0,1.0,POINT (1107101.75239698 313540.1883301313)
19149.0,1105601.797791962,312601.6492825181,18995.0,3.0,11.0,0.3779632568359375,300.0,1.0,POINT (1105601.797791962 312601.6492825181)
19150.0,1107000.290350328,312231.50480003806,20953.0,3.0,11.0,0.34038769541559993,270.0,1.0,POINT (1107000.290350328 312231.5048000381)
19151.0,1106591.6610909177,312320.55220859154,20959.0,3.0,11.0,0.4502639566026292,357.0,1.0,POINT (1106591.661090918 312320.5522085915)
19152.0,1106298.4659599704,312571.101792415,20984.0,3.0,11.0,0.5707497089832753,453.0,1.0,POINT (1106298.46595997 312571.101792415)
19153.0,1107383.829853024,312618.4792977455,20993.0,3.0,11.0,0.5255399899869352,417.0,1.0,POINT (1107383.829853024 312618.4792977455)
19154.0,1105244.37557663,312765.72737344203,21035.0,3.0,11.0,0.4797406268764186,381.0,1.0,POINT (1105244.37557663 312765.727373442)
19155.0,1106049.453266012,312765.406880462,21039.0,3.0,11.0,0.6556743989549241,520.0,1.0,POINT (1106049.453266012 312765.406880462)
19156.0,1107480.4387074842,312786.38290748297,21041.0,3.0,11.0,0.32178155022698474,256.0,1.0,POINT (1107480.438707484 312786.382907483)
19157.0,1106653.2031523164,312824.88930734125,21056.0,3.0,11.0,0.8203353550197842,651.0,1.0,POINT (1106653.203152316 312824.8893073412)
19158.0,1107066.0357954635,313109.6431633625,21142.0,3.0,11.0,3.8639895454612936,3064.0,1.0,POINT (1107066.035795463 313109.6431633625)
19159.0,1106785.5576656486,313164.40864205064,21202.0,3.0,11.0,0.6695270007365458,531.0,1.0,POINT (1106785.557665649 313164.4086420506)
19160.0,1107351.8458155063,313466.5925204625,21306.0,3.0,11.0,0.24125331758378865,192.0,1.0,POINT (1107351.845815506 313466.5925204625)
19161.0,1104435.3153988465,313529.9278792425,21320.0,3.0,11.0,0.17351359616528758,138.0,1.0,POINT (1104435.315398847 313529.9278792425)
19162.0,1106780.7458475977,313552.30050038017,21322.0,3.0,11.0,0.9164260639156306,727.0,1.0,POINT (1106780.745847598 313552.3005003802)
19163.0,1104703.6424153477,313590.0620214337,21333.0,3.0,11.0,1.0713099622296856,850.0,1.0,POINT (1104703.642415348 313590.0620214337)
19164.0,1104580.570521806,313853.4182619161,21407.0,3.0,11.0,0.32080191414635456,255.0,1.0,POINT (1104580.570521806 313853.4182619161)
19165.0,1105614.4453781948,313951.66871960514,21448.0,3.0,11.0,3.2037984660724264,2541.0,1.0,POINT (1105614.445378195 313951.6687196051)
19166.0,1105210.0410286186,313995.9303059699,21460.0,3.0,11.0,1.6597327155035893,1316.0,1.0,POINT (1105210.041028619 313995.9303059699)
19167.0,1106101.7733774649,314021.3706572186,21463.0,3.0,11.0,1.9435408746874008,1541.0,1.0,POINT (1106101.773377465 314021.3706572186)
19168.0,1105548.6782196357,314240.36850596376,21488.0,3.0,11.0,1.1768127281601364,934.0,1.0,POINT (1105548.678219636 314240.3685059638)
1890.0,1106564.9294607798,312589.2956497181,20987.0,2.0,11.0,0.0,0.0,1.0,POINT (1106564.92946078 312589.2956497181)
2092.0,1106987.0653612255,313148.91412545263,21189.0,2.0,11.0,0.0,0.0,1.0,POINT (1106987.065361226 313148.9141254526)
2278.0,1105080.4919177992,313795.1764916601,21375.0,2.0,11.0,0.0,0.0,1.0,POINT (1105080.491917799 313795.1764916601)
2290.0,1105123.6455786868,313811.76770944893,21387.0,2.0,11.0,0.0,0.0,1.0,POINT (1105123.645578687 313811.7677094489)
15508.0,1099318.6561911737,315927.02878435893,15511.0,1.0,12.0,0.0,0.0,1.0,POINT (1099318.656191174 315927.0287843589)
15509.0,1098867.500581936,315620.0915468009,15512.0,1.0,12.0,0.0,0.0,1.0,POINT (1098867.500581936 315620.0915468009)
15783.0,1098827.482016962,313072.0344730221,15787.0,1.0,12.0,0.0,0.0,1.0,POINT (1098827.482016962 313072.0344730221)
15784.0,1098811.6734123451,313266.7349048369,15788.0,1.0,12.0,0.0,0.0,1.0,POINT (1098811.673412345 313266.7349048369)
17375.0,1100200.206691598,315614.17173665174,17398.0,1.0,12.0,0.0,0.0,1.0,POINT (1100200.206691598 315614.1717366517)
17380.0,1099856.7441318391,315839.50257579534,17403.0,1.0,12.0,0.0,0.0,1.0,POINT (1099856.744131839 315839.5025757953)
17386.0,1099676.7490284257,316105.4557933298,17409.0,1.0,12.0,0.0,0.0,1.0,POINT (1099676.749028426 316105.4557933298)
17450.0,1099296.3408141015,315960.75175745593,17473.0,1.0,12.0,0.0,0.0,1.0,POINT (1099296.340814102 315960.7517574559)
17459.0,1099004.849610209,316552.31884032226,17482.0,1.0,12.0,0.0,0.0,1.0,POINT (1099004.849610209 316552.3188403223)
17753.0,1098889.1645061912,313602.59305972164,17778.0,1.0,12.0,0.0,0.0,1.0,POINT (1098889.164506191 313602.5930597216)
17754.0,1098907.8983838004,313693.0968611758,17779.0,1.0,12.0,0.0,0.0,1.0,POINT (1098907.8983838 313693.0968611758)
17760.0,1098921.7456893814,314805.5508987871,17785.0,1.0,12.0,0.0,0.0,1.0,POINT (1098921.745689381 314805.5508987871)
17761.0,1098908.2454500836,314885.40768486226,17786.0,1.0,12.0,0.0,0.0,1.0,POINT (1098908.245450084 314885.4076848623)
17766.0,1098917.102386666,315449.80059893953,17791.0,1.0,12.0,0.0,0.0,1.0,POINT (1098917.102386666 315449.8005989395)
19169.0,1098843.234215638,312647.1283627526,21533.0,3.0,12.0,1.314083687722146,1042.0,1.0,POINT (1098843.234215638 312647.1283627526)
19170.0,1099306.6749891823,313043.9416919266,21553.0,3.0,12.0,0.2489925028826739,198.0,1.0,POINT (1099306.674989182 313043.9416919266)
19171.0,1098777.325524332,313103.76210086286,21556.0,3.0,12.0,0.5535204581527022,439.0,1.0,POINT (1098777.325524332 313103.7621008629)
19172.0,1099080.4068238658,313466.0216012929,21569.0,3.0,12.0,0.4980071559253039,395.0,1.0,POINT (1099080.406823866 313466.0216012929)
19173.0,1098662.05405028,313870.03876937233,21588.0,3.0,12.0,0.47945004420237497,381.0,1.0,POINT (1098662.05405028 313870.0387693723)
19174.0,1098859.8775227228,314198.61690483644,21603.0,3.0,12.0,0.7289819091934342,578.0,1.0,POINT (1098859.877522723 314198.6169048364)
19175.0,1099042.7209058893,314334.92260853085,21636.0,3.0,12.0,0.8419566932884422,668.0,1.0,POINT (1099042.720905889 314334.9226085308)
19176.0,1098776.6429399666,314744.3447013304,21681.0,3.0,12.0,0.8341966268178579,662.0,1.0,POINT (1098776.642939967 314744.3447013304)
19177.0,1099177.6986622794,314922.563921007,21703.0,3.0,12.0,0.5041184722625457,400.0,1.0,POINT (1099177.698662279 314922.563921007)
19178.0,1099698.4251823283,314935.9244982244,21706.0,3.0,12.0,0.2476392838761613,197.0,1.0,POINT (1099698.425182328 314935.9244982244)
19179.0,1099287.666822376,315274.6219684557,21738.0,3.0,12.0,0.3454239525666108,274.0,1.0,POINT (1099287.666822376 315274.6219684557)
19180.0,1100543.936824307,315279.22909623076,21741.0,3.0,12.0,0.4465793235022743,355.0,1.0,POINT (1100543.936824307 315279.2290962308)
19181.0,1098651.2393563665,315392.063856562,21765.0,3.0,12.0,0.4688207110843143,372.0,1.0,POINT (1098651.239356366 315392.063856562)
19182.0,1098939.4486063877,315446.6972070538,21772.0,3.0,12.0,1.3505940808476629,1071.0,1.0,POINT (1098939.448606388 315446.6972070538)
19183.0,1100238.7615393405,315689.71036142897,21825.0,3.0,12.0,1.6177240981711998,1283.0,1.0,POINT (1100238.76153934 315689.710361429)
19184.0,1099204.262115547,315709.09434419684,21834.0,3.0,12.0,0.7091847794335168,563.0,1.0,POINT (1099204.262115547 315709.0943441968)
19185.0,1099822.4335981363,315782.7214856189,21855.0,3.0,12.0,0.4789659233780594,380.0,1.0,POINT (1099822.433598136 315782.7214856189)
19186.0,1099526.489216814,315873.136285317,21880.0,3.0,12.0,1.250673295957548,992.0,1.0,POINT (1099526.489216814 315873.136285317)
19187.0,1098897.6624856577,315920.1586471987,21897.0,3.0,12.0,1.3962125644168335,1107.0,1.0,POINT (1098897.662485658 315920.1586471987)
19188.0,1099401.1715166657,316027.1584863084,21934.0,3.0,12.0,1.0190163574562416,808.0,1.0,POINT (1099401.171516666 316027.1584863084)
19189.0,1099823.7162612027,316089.1569106238,21958.0,3.0,12.0,0.9441720398911484,749.0,1.0,POINT (1099823.716261203 316089.1569106238)
19190.0,1098722.180790198,316740.2717072547,22020.0,3.0,12.0,0.810821971377811,643.0,1.0,POINT (1098722.180790198 316740.2717072547)
19191.0,1098981.014617496,316991.4358547534,22035.0,3.0,12.0,1.292832341924444,1026.0,1.0,POINT (1098981.014617496 316991.4358547534)
2538.0,1099026.4319429295,314334.47493378137,21635.0,2.0,12.0,0.0,0.0,1.0,POINT (1099026.43194293 314334.4749337814)
2604.0,1099313.3066487596,314918.5805879447,21701.0,2.0,12.0,0.0,0.0,1.0,POINT (1099313.30664876 314918.5805879447)
2782.0,1099343.0366149999,315871.463776431,21879.0,2.0,12.0,0.0,0.0,1.0,POINT (1099343.036615 315871.463776431)
19192.0,1104044.7746134023,312559.23059597844,16511.0,3.0,13.0,0.7981676144642872,633.0,1.0,POINT (1104044.774613402 312559.2305959784)
19193.0,1104486.206323667,312720.3157824277,19006.0,3.0,13.0,0.4241094711234977,337.0,1.0,POINT (1104486.206323667 312720.3157824277)
19194.0,1105010.5433125054,312586.5474828924,22072.0,3.0,13.0,0.1031684181282112,82.0,1.0,POINT (1105010.543312505 312586.5474828924)
18926.0,1108221.4115966463,313361.33565564174,18958.0,1.0,14.0,0.0,0.0,1.0,POINT (1108221.411596646 313361.3356556417)
18928.0,1108086.4913556986,313329.3067666247,18960.0,1.0,14.0,0.0,0.0,1.0,POINT (1108086.491355699 313329.3067666247)
19195.0,1108729.5556794778,313501.45122093306,18951.0,3.0,14.0,0.7613573467838871,604.0,1.0,POINT (1108729.555679478 313501.4512209331)
19196.0,1108953.1775840963,312622.376839346,22103.0,3.0,14.0,0.2439965983554049,194.0,1.0,POINT (1108953.177584096 312622.376839346)
19197.0,1108500.7325103066,312792.62567452266,22113.0,3.0,14.0,0.7632600810076738,606.0,1.0,POINT (1108500.732510307 312792.6256745227)
19198.0,1108687.1837286141,313102.5656554461,22148.0,3.0,14.0,0.768559199152766,610.0,1.0,POINT (1108687.183728614 313102.5656554461)
19199.0,1107868.580053184,313100.2628719006,22149.0,3.0,14.0,0.2943410443830061,234.0,1.0,POINT (1107868.580053184 313100.2628719006)
19200.0,1108238.7013235027,313273.305333387,22174.0,3.0,14.0,1.0841883021861582,860.0,1.0,POINT (1108238.701323503 313273.305333387)
19201.0,1107823.9584768326,313567.3943046017,22223.0,3.0,14.0,0.4410746400850313,350.0,1.0,POINT (1107823.958476833 313567.3943046017)
19202.0,1107464.5457179185,314030.3414202645,22259.0,3.0,14.0,1.014113061406591,805.0,1.0,POINT (1107464.545717919 314030.3414202645)
19203.0,1107746.7778734106,314201.2784398386,22273.0,3.0,14.0,0.4726223461048023,375.0,1.0,POINT (1107746.777873411 314201.2784398386)
3029.0,1108561.0202920851,312900.5474132023,22126.0,2.0,14.0,0.0,0.0,1.0,POINT (1108561.020292085 312900.5474132023)
3148.0,1107563.068931157,313891.41469480394,22245.0,2.0,14.0,0.0,0.0,1.0,POINT (1107563.068931157 313891.4146948039)
19204.0,1100345.688850195,312798.0648296634,22280.0,3.0,15.0,0.15288995330398145,122.0,1.0,POINT (1100345.688850195 312798.0648296634)
19205.0,1100086.5230535185,313011.9099547025,22293.0,3.0,15.0,0.7211669213922173,572.0,1.0,POINT (1100086.523053518 313011.9099547025)
19206.0,1100457.3856757018,313145.11077581,22303.0,3.0,15.0,0.6973785276670713,553.0,1.0,POINT (1100457.385675702 313145.11077581)
19207.0,1099821.2246767394,313323.1743464423,22316.0,3.0,15.0,1.1530279008332671,915.0,1.0,POINT (1099821.224676739 313323.1743464423)
3186.0,1100368.5904972912,312954.7879363149,22283.0,2.0,15.0,0.0,0.0,1.0,POINT (1100368.590497291 312954.7879363149)
3198.0,1100148.4510040486,313056.5380737125,22295.0,2.0,15.0,0.0,0.0,1.0,POINT (1100148.451004049 313056.5380737125)
19208.0,1126209.850231445,313149.5393245475,22367.0,3.0,16.0,1.955194037153914,1551.0,1.0,POINT (1126209.850231445 313149.5393245475)
19209.0,1110730.4028849758,313162.8476682669,22399.0,3.0,17.0,1.3767094742714825,1092.0,1.0,POINT (1110730.402884976 313162.8476682669)
19210.0,1111147.7637745738,313359.62984045024,22418.0,3.0,17.0,0.4740360086458223,376.0,1.0,POINT (1111147.763774574 313359.6298404502)
19211.0,1110418.6669751287,313515.9351903625,22428.0,3.0,17.0,0.7114378386145239,565.0,1.0,POINT (1110418.666975129 313515.9351903625)
19212.0,1100974.5821291134,313228.77266873466,22450.0,3.0,18.0,1.3788943268372131,1094.0,1.0,POINT (1100974.582129113 313228.7726687347)
19213.0,1100835.0433691752,313672.21288559376,22481.0,3.0,18.0,1.9756563549213584,1567.0,1.0,POINT (1100835.043369175 313672.2128855938)
19214.0,1109328.697471645,313624.4925792633,22514.0,3.0,19.0,0.4862276816153312,386.0,1.0,POINT (1109328.697471645 313624.4925792633)
19215.0,1109553.8267703822,313871.12397113285,22533.0,3.0,19.0,1.5681496128735242,1244.0,1.0,POINT (1109553.826770382 313871.1239711329)
19031.0,1099082.8735583741,310720.9797961085,19067.0,1.0,2.0,0.0,0.0,1.0,POINT (1099082.873558374 310720.9797961085)
19119.0,1099245.56408601,309773.4680717562,20347.0,3.0,2.0,0.42559791255641627,338.0,1.0,POINT (1099245.56408601 309773.4680717562)
19120.0,1099024.8907237805,309860.47229195945,20359.0,3.0,2.0,1.2498746741355,991.0,1.0,POINT (1099024.89072378 309860.4722919594)
19121.0,1098891.5819903205,310481.14901446673,20389.0,3.0,2.0,1.1832237458443855,939.0,1.0,POINT (1098891.58199032 310481.1490144667)
19122.0,1099260.6539654466,310628.3789478405,20419.0,3.0,2.0,2.0314533860833794,1611.0,1.0,POINT (1099260.653965447 310628.3789478405)
19123.0,1099770.1533676004,311033.8889907999,20456.0,3.0,2.0,1.0402016136238166,825.0,1.0,POINT (1099770.1533676 311033.8889907999)
19124.0,1099291.685765627,311044.0281445213,20458.0,3.0,2.0,0.6395893449181909,508.0,1.0,POINT (1099291.685765627 311044.0281445213)
16079.0,1124642.8264477742,313801.208918286,16087.0,1.0,20.0,0.0,0.0,1.0,POINT (1124642.826447774 313801.208918286)
16085.0,1125371.8210433621,314195.13557546085,16094.0,1.0,20.0,0.0,0.0,1.0,POINT (1125371.821043362 314195.1355754609)
16088.0,1125764.80992684,314445.7920512384,16097.0,1.0,20.0,0.0,0.0,1.0,POINT (1125764.80992684 314445.7920512384)
17800.0,1126127.8848293517,314687.98412728694,17826.0,1.0,20.0,0.0,0.0,1.0,POINT (1126127.884829352 314687.9841272869)
19216.0,1124758.0959665528,313998.1537240885,16092.0,3.0,20.0,0.5250218662914928,417.0,1.0,POINT (1124758.095966553 313998.1537240885)
19217.0,1126078.7978850391,315169.7697888689,17823.0,3.0,20.0,0.5058342526410077,402.0,1.0,POINT (1126078.797885039 315169.7697888689)
19218.0,1124841.4497261178,313745.5958859502,22570.0,3.0,20.0,0.3070190622140695,244.0,1.0,POINT (1124841.449726118 313745.5958859502)
19219.0,1124614.2023728252,313825.8560261521,22575.0,3.0,20.0,1.6713736150930594,1326.0,1.0,POINT (1124614.202372825 313825.8560261521)
19220.0,1125532.1587442171,314106.56311234715,22604.0,3.0,20.0,0.5538732645533107,440.0,1.0,POINT (1125532.158744217 314106.5631123472)
19221.0,1125584.0899692257,314467.7632358503,22641.0,3.0,20.0,0.519885278478399,413.0,1.0,POINT (1125584.089969226 314467.7632358503)
19222.0,1126762.292548713,314640.035456219,22665.0,3.0,20.0,0.2737856875239192,218.0,1.0,POINT (1126762.292548713 314640.035456219)
19223.0,1126123.2070031974,314694.7025402239,22676.0,3.0,20.0,0.9925050842010222,787.0,1.0,POINT (1126123.207003197 314694.7025402239)
19224.0,1126414.670430675,314910.6961757509,22724.0,3.0,20.0,0.4657450371819573,370.0,1.0,POINT (1126414.670430675 314910.6961757509)
19225.0,1127236.508655014,315050.45768743684,22745.0,3.0,20.0,1.4462308479858947,1147.0,1.0,POINT (1127236.508655014 315050.4576874368)
19226.0,1126107.7122771859,315426.9158546103,22813.0,3.0,20.0,0.4884791013356801,388.0,1.0,POINT (1126107.712277186 315426.9158546103)
19227.0,1127823.4310234478,315491.8150212321,22824.0,3.0,20.0,0.7122745481267705,565.0,1.0,POINT (1127823.431023448 315491.8150212321)
19228.0,1127393.0367886731,315524.1915876623,22831.0,3.0,20.0,0.63572739025494,505.0,1.0,POINT (1127393.036788673 315524.1915876623)
19229.0,1126254.5516393457,315664.4853802641,22860.0,3.0,20.0,0.5471055360742517,434.0,1.0,POINT (1126254.551639346 315664.4853802641)
19230.0,1126391.7643769074,315869.3183965732,22876.0,3.0,20.0,0.5172014765696483,411.0,1.0,POINT (1126391.764376907 315869.3183965732)
19231.0,1126818.4094377684,316078.78484497627,22894.0,3.0,20.0,1.107557256200292,879.0,1.0,POINT (1126818.409437768 316078.7848449763)
3604.0,1126465.9916929721,314782.1513528564,22701.0,2.0,20.0,0.0,0.0,1.0,POINT (1126465.991692972 314782.1513528564)
3733.0,1127424.3420143852,315518.52878343174,22830.0,2.0,20.0,0.0,0.0,1.0,POINT (1127424.342014385 315518.5287834317)
19232.0,1101967.7531276494,313808.89080830663,22931.0,3.0,21.0,1.5529417617041783,1232.0,1.0,POINT (1101967.753127649 313808.8908083066)
19233.0,1101763.5442334958,314118.8339836033,22969.0,3.0,21.0,1.1720177146980353,930.0,1.0,POINT (1101763.544233496 314118.8339836033)
19234.0,1126485.0765630852,313931.6149651542,22996.0,3.0,22.0,0.2840199166375237,226.0,1.0,POINT (1126485.076563085 313931.6149651542)
19235.0,1126141.9842393966,314059.2667378414,23021.0,3.0,22.0,0.6826759070319098,542.0,1.0,POINT (1126141.984239397 314059.2667378414)
16887.0,1093906.2951998378,314404.7573346569,16907.0,1.0,23.0,0.0,0.0,1.0,POINT (1093906.295199838 314404.7573346569)
16888.0,1093897.8221358994,314440.4039901269,16908.0,1.0,23.0,0.0,0.0,1.0,POINT (1093897.822135899 314440.4039901269)
16889.0,1093884.6357629232,314483.6499030119,16909.0,1.0,23.0,0.0,0.0,1.0,POINT (1093884.635762923 314483.6499030119)
19236.0,1093911.5726350648,314309.6160886849,23062.0,3.0,23.0,0.4980931921262999,395.0,1.0,POINT (1093911.572635065 314309.6160886849)
19237.0,1093998.4062518359,314331.12032546557,23074.0,3.0,23.0,0.4563904394544997,362.0,1.0,POINT (1093998.406251836 314331.1203254656)
19238.0,1093768.3043364342,314436.6641603243,23106.0,3.0,23.0,1.302767622664168,1033.0,1.0,POINT (1093768.304336434 314436.6641603243)
19239.0,1093665.7154148505,314649.220327308,23165.0,3.0,23.0,0.6793516040492702,539.0,1.0,POINT (1093665.715414851 314649.220327308)
19240.0,1094013.5337261492,314691.4586448054,23179.0,3.0,23.0,0.936867991267024,743.0,1.0,POINT (1094013.533726149 314691.4586448054)
19241.0,1093776.8305462566,315107.17842121876,23219.0,3.0,23.0,0.11631434741320908,93.0,1.0,POINT (1093776.830546257 315107.1784212188)
19242.0,1093597.493493583,315223.7529134919,23226.0,3.0,23.0,0.40644485748565945,323.0,1.0,POINT (1093597.493493583 315223.7529134919)
4022.0,1093818.83089177,314468.5815798237,23119.0,2.0,23.0,0.0,0.0,1.0,POINT (1093818.83089177 314468.5815798237)
15662.0,1103754.1362099291,314331.4601083166,15666.0,1.0,24.0,0.0,0.0,1.0,POINT (1103754.136209929 314331.4601083166)
19243.0,1103582.9441334526,313998.9022121858,23239.0,3.0,24.0,0.3221580837009189,256.0,1.0,POINT (1103582.944133453 313998.9022121858)
19244.0,1104376.1520244835,314456.6340169309,23278.0,3.0,24.0,1.573436509037877,1248.0,1.0,POINT (1104376.152024484 314456.6340169309)
19245.0,1103781.9080869884,314532.71600646194,23287.0,3.0,24.0,0.3628273494823559,288.0,1.0,POINT (1103781.908086988 314532.7160064619)
17595.0,1107117.412579945,315678.13412765693,17618.0,1.0,25.0,0.0,0.0,1.0,POINT (1107117.412579945 315678.1341276569)
17603.0,1107119.4667976769,314988.9332889894,17626.0,1.0,25.0,0.0,0.0,1.0,POINT (1107119.466797677 314988.9332889894)
19246.0,1107116.3281564936,314767.89308901003,17631.0,3.0,25.0,0.6397437392913543,508.0,1.0,POINT (1107116.328156494 314767.89308901)
19247.0,1106781.3209718606,315247.6666933145,23337.0,3.0,25.0,1.42462958980251,1130.0,1.0,POINT (1106781.320971861 315247.6666933145)
19248.0,1107067.7468617863,315652.9329156274,23362.0,3.0,25.0,0.8299550101134153,659.0,1.0,POINT (1107067.746861786 315652.9329156274)
19249.0,1107546.659829107,315994.9897268551,23379.0,3.0,25.0,1.0404953008084683,825.0,1.0,POINT (1107546.659829107 315994.9897268551)
19250.0,1114711.7661062237,314638.81709697226,23393.0,3.0,26.0,0.2295882687267956,183.0,1.0,POINT (1114711.766106224 314638.8170969723)
19251.0,1114933.7515675342,314707.028095581,23408.0,3.0,26.0,0.6435890984750008,511.0,1.0,POINT (1114933.751567534 314707.028095581)
18070.0,1105107.595696318,315666.40438009193,18098.0,1.0,27.0,0.0,0.0,1.0,POINT (1105107.595696318 315666.4043800919)
18080.0,1104840.421419681,315471.50592169346,18108.0,1.0,27.0,0.0,0.0,1.0,POINT (1104840.421419681 315471.5059216935)
19252.0,1105156.1262262063,315612.79344612244,18117.0,3.0,27.0,0.8274456946914258,657.0,1.0,POINT (1105156.126226206 315612.7934461224)
19253.0,1104932.576471607,314719.3081904739,23438.0,3.0,27.0,0.48526444856110995,385.0,1.0,POINT (1104932.576471607 314719.3081904739)
19254.0,1105109.0098180291,314995.67036196677,23467.0,3.0,27.0,0.4249319523304432,337.0,1.0,POINT (1105109.009818029 314995.6703619668)
19255.0,1105040.7998292365,315426.8921089648,23482.0,3.0,27.0,0.4596652398667894,365.0,1.0,POINT (1105040.799829236 315426.8921089648)
19256.0,1105357.3573060532,315645.5486729369,23532.0,3.0,27.0,0.7465137217066309,592.0,1.0,POINT (1105357.357306053 315645.5486729369)
19257.0,1103146.0749096393,315280.4244316023,23577.0,3.0,28.0,0.974224112742656,773.0,1.0,POINT (1103146.074909639 315280.4244316023)
17043.0,1101557.4441477065,316558.35337732197,17064.0,1.0,29.0,0.0,0.0,1.0,POINT (1101557.444147706 316558.353377322)
17049.0,1101798.3538431171,316171.6350730494,17070.0,1.0,29.0,0.0,0.0,1.0,POINT (1101798.353843117 316171.6350730494)
19258.0,1101514.3197462338,316621.21013151127,17063.0,3.0,29.0,0.7697979722581467,611.0,1.0,POINT (1101514.319746234 316621.2101315113)
19259.0,1101975.4631507474,315817.87797565275,23591.0,3.0,29.0,0.21217112343590536,169.0,1.0,POINT (1101975.463150747 315817.8779756528)
19260.0,1102038.3125674308,316227.0794569369,23614.0,3.0,29.0,0.8126853080268378,645.0,1.0,POINT (1102038.312567431 316227.0794569369)
19261.0,1101210.251903636,316365.74393714557,23633.0,3.0,29.0,0.2668817009796967,212.0,1.0,POINT (1101210.251903636 316365.7439371456)
19262.0,1101897.8119793348,316680.128543546,23669.0,3.0,29.0,0.3611991701899348,287.0,1.0,POINT (1101897.811979335 316680.128543546)
19125.0,1105553.1799109268,310825.5518431572,20493.0,3.0,3.0,1.5056246441334216,1194.0,1.0,POINT (1105553.179910927 310825.5518431572)
19126.0,1105369.653320279,311199.5169620451,20503.0,3.0,3.0,0.3228594938054815,256.0,1.0,POINT (1105369.653320279 311199.5169620451)
19263.0,1110292.7971848685,316129.49216127675,23705.0,3.0,30.0,1.0115114346066036,802.0,1.0,POINT (1110292.797184868 316129.4921612768)
19264.0,1110607.4934494265,316531.5663791561,23729.0,3.0,30.0,0.6410801378885904,509.0,1.0,POINT (1110607.493449426 316531.5663791561)
19265.0,1110848.5901002935,316735.2822156291,23747.0,3.0,30.0,1.3840059522680337,1098.0,1.0,POINT (1110848.590100294 316735.2822156291)
19266.0,1110680.6194831128,316864.4996795089,23764.0,3.0,30.0,1.2095037312550587,959.0,1.0,POINT (1110680.619483113 316864.4996795089)
19267.0,1110561.3231223335,317364.4726761144,23794.0,3.0,30.0,0.5984028816223144,475.0,1.0,POINT (1110561.323122334 317364.4726761144)
4658.0,1110759.752536706,316776.509137895,23755.0,2.0,30.0,0.0,0.0,1.0,POINT (1110759.752536706 316776.509137895)
17789.0,1125153.1577522808,316528.00986104674,17814.0,1.0,31.0,0.0,0.0,1.0,POINT (1125153.157752281 316528.0098610467)
17792.0,1125392.5986887235,316324.46975055593,17817.0,1.0,31.0,0.0,0.0,1.0,POINT (1125392.598688724 316324.4697505559)
19268.0,1125747.8175088249,316181.9880308336,23810.0,3.0,31.0,1.41941739675161,1126.0,1.0,POINT (1125747.817508825 316181.9880308336)
19269.0,1125338.3692194105,316338.45754336554,23833.0,3.0,31.0,0.5529859181996938,439.0,1.0,POINT (1125338.36921941 316338.4575433655)
19270.0,1124910.9538208628,316546.07093226106,23848.0,3.0,31.0,0.1931192566467835,154.0,1.0,POINT (1124910.953820863 316546.0709322611)
19271.0,1125166.246801517,316599.3647269193,23852.0,3.0,31.0,1.0419816348788975,827.0,1.0,POINT (1125166.246801517 316599.3647269193)
19272.0,1109337.0436789368,316443.9112159036,23879.0,3.0,32.0,1.4597136100562842,1158.0,1.0,POINT (1109337.043678937 316443.9112159036)
19273.0,1109189.2261746041,316593.2538335184,23896.0,3.0,32.0,0.3071848774815465,244.0,1.0,POINT (1109189.226174604 316593.2538335184)
19274.0,1103758.26692825,316317.09922390105,15951.0,3.0,33.0,0.0867914426648939,69.0,1.0,POINT (1103758.26692825 316317.0992239011)
19275.0,1103901.5579677413,316407.253056633,23920.0,3.0,33.0,0.7620261914021259,605.0,1.0,POINT (1103901.557967741 316407.253056633)
19276.0,1104364.0960126182,316689.6999651818,23937.0,3.0,33.0,0.15642962103491428,125.0,1.0,POINT (1104364.096012618 316689.6999651818)
17325.0,1104538.9043164009,317364.9773365618,17348.0,1.0,34.0,0.0,0.0,1.0,POINT (1104538.904316401 317364.9773365618)
17337.0,1104937.8957506155,316925.6061901936,17360.0,1.0,34.0,0.0,0.0,1.0,POINT (1104937.895750616 316925.6061901936)
19277.0,1105908.0121406526,316294.1941189041,23943.0,3.0,34.0,0.13575780593597134,108.0,1.0,POINT (1105908.012140653 316294.1941189041)
19278.0,1105296.2705073971,316602.8922437341,23949.0,3.0,34.0,0.10591059469961904,84.0,1.0,POINT (1105296.270507397 316602.8922437341)
19279.0,1104768.6678007704,316743.9824763892,23961.0,3.0,34.0,0.2678235452669161,213.0,1.0,POINT (1104768.66780077 316743.9824763892)
19280.0,1104958.2765072924,316899.44164020225,23978.0,3.0,34.0,0.0,0.0,1.0,POINT (1104958.276507292 316899.4416402022)
19281.0,1105149.9746848852,317091.1355661166,24009.0,3.0,34.0,0.5952084677069036,472.0,1.0,POINT (1105149.974684885 317091.1355661166)
19282.0,1104545.2899715262,317268.23606936354,24034.0,3.0,34.0,0.8146561153514964,646.0,1.0,POINT (1104545.289971526 317268.2360693635)
19283.0,1104147.9523634035,317622.32965545583,24057.0,3.0,34.0,0.6201893086476369,492.0,1.0,POINT (1104147.952363404 317622.3296554558)
19284.0,1103093.25997524,316495.39118569804,24070.0,3.0,35.0,0.6106449472582018,485.0,1.0,POINT (1103093.25997524 316495.391185698)
19285.0,1102845.5263095766,316832.76859990804,24084.0,3.0,35.0,1.1142584656380317,884.0,1.0,POINT (1102845.526309577 316832.768599908)
16146.0,1092117.5140606784,317497.0092954271,16155.0,1.0,36.0,0.0,0.0,1.0,POINT (1092117.514060678 317497.0092954271)
16159.0,1092281.252327613,318602.068362967,16170.0,1.0,36.0,0.0,0.0,1.0,POINT (1092281.252327613 318602.068362967)
16160.0,1092303.8345613263,318676.88416729984,16171.0,1.0,36.0,0.0,0.0,1.0,POINT (1092303.834561326 318676.8841672998)
16170.0,1092511.6128429729,319369.1301579393,16181.0,1.0,36.0,0.0,0.0,1.0,POINT (1092511.612842973 319369.1301579393)
16916.0,1092571.892060037,318054.7765824005,16936.0,1.0,36.0,0.0,0.0,1.0,POINT (1092571.892060037 318054.7765824005)
16927.0,1092336.7285700687,318600.9779437281,16947.0,1.0,36.0,0.0,0.0,1.0,POINT (1092336.728570069 318600.9779437281)
19286.0,1092118.9122349229,317548.4541001694,16156.0,3.0,36.0,0.0,0.0,1.0,POINT (1092118.912234923 317548.4541001694)
19287.0,1092115.9648029446,317958.84885820537,16163.0,3.0,36.0,0.3228914374274176,257.0,1.0,POINT (1092115.964802945 317958.8488582054)
19288.0,1092628.6929833095,316944.4447659905,24114.0,3.0,36.0,0.39782125352739217,316.0,1.0,POINT (1092628.69298331 316944.4447659905)
19289.0,1092247.7739584362,317091.2208848312,24134.0,3.0,36.0,0.2483339533075556,197.0,1.0,POINT (1092247.773958436 317091.2208848312)
19290.0,1091874.322554498,317282.27673883236,24151.0,3.0,36.0,0.5872439942918382,466.0,1.0,POINT (1091874.322554498 317282.2767388324)
19291.0,1092278.8678311936,317425.18811177573,24186.0,3.0,36.0,0.1015704816526121,81.0,1.0,POINT (1092278.867831194 317425.1881117757)
19292.0,1092678.845153065,317534.5119890359,24237.0,3.0,36.0,0.408611475111128,324.0,1.0,POINT (1092678.845153065 317534.5119890359)
19293.0,1092401.075075497,317595.9167108027,24281.0,3.0,36.0,0.6275953550596495,498.0,1.0,POINT (1092401.075075497 317595.9167108027)
19294.0,1091781.960443101,317602.88553775137,24285.0,3.0,36.0,0.5991647917945105,476.0,1.0,POINT (1091781.960443101 317602.8855377514)
19295.0,1092666.8525966578,317852.14125692303,24355.0,3.0,36.0,0.5287072259026604,420.0,1.0,POINT (1092666.852596658 317852.141256923)
19296.0,1092427.3646954773,317933.6260507987,24371.0,3.0,36.0,0.44578972051809496,354.0,1.0,POINT (1092427.364695477 317933.6260507987)
19297.0,1092654.4620784577,318093.4547421675,24396.0,3.0,36.0,0.5488501579697067,436.0,1.0,POINT (1092654.462078458 318093.4547421675)
19298.0,1091454.7940907413,318131.71379467065,24407.0,3.0,36.0,0.8720447079770199,692.0,1.0,POINT (1091454.794090741 318131.7137946706)
19299.0,1091135.6836379746,318412.66002657573,24453.0,3.0,36.0,0.8250516370824864,655.0,1.0,POINT (1091135.683637975 318412.6600265757)
19300.0,1091748.5173244877,318529.22009061807,24470.0,3.0,36.0,0.0,0.0,1.0,POINT (1091748.517324488 318529.2200906181)
19301.0,1092474.3505397327,318835.76774342504,24533.0,3.0,36.0,0.5030409749348957,399.0,1.0,POINT (1092474.350539733 318835.767743425)
19302.0,1090832.55722064,318917.68937794724,24561.0,3.0,36.0,2.1491820636096297,1704.0,1.0,POINT (1090832.55722064 318917.6893779472)
19303.0,1092122.1930632594,318927.4399934857,24562.0,3.0,36.0,0.534983552812456,425.0,1.0,POINT (1092122.193063259 318927.4399934857)
19304.0,1091532.1278249754,318932.4929780711,24563.0,3.0,36.0,0.6726925574981414,534.0,1.0,POINT (1091532.127824975 318932.4929780711)
19305.0,1091456.4988801805,319375.60989021463,24629.0,3.0,36.0,0.7526570839065688,597.0,1.0,POINT (1091456.498880181 319375.6098902146)
19306.0,1092739.7452403242,319443.69649338035,24657.0,3.0,36.0,1.5314331264324017,1215.0,1.0,POINT (1092739.745240324 319443.6964933804)
19307.0,1092288.4636630493,319468.9299081781,24670.0,3.0,36.0,1.0900209102115117,865.0,1.0,POINT (1092288.463663049 319468.9299081781)
19308.0,1091196.493775609,319667.62391290447,24729.0,3.0,36.0,0.4906233113950437,389.0,1.0,POINT (1091196.493775609 319667.6239129045)
5070.0,1092285.1433416212,317367.46030221554,24167.0,2.0,36.0,0.0,0.0,1.0,POINT (1092285.143341621 317367.4603022155)
5113.0,1092199.1022284008,317495.81256434077,24210.0,2.0,36.0,0.0,0.0,1.0,POINT (1092199.102228401 317495.8125643408)
5262.0,1092624.1418342628,317878.6712127042,24359.0,2.0,36.0,0.0,0.0,1.0,POINT (1092624.141834263 317878.6712127042)
5412.0,1092152.4704364906,318697.4411251881,24509.0,2.0,36.0,0.0,0.0,1.0,POINT (1092152.470436491 318697.4411251881)
15853.0,1095566.266697362,317436.3421479664,15858.0,1.0,37.0,0.0,0.0,1.0,POINT (1095566.266697362 317436.3421479664)
15863.0,1095916.7433556379,317151.6111137353,15868.0,1.0,37.0,0.0,0.0,1.0,POINT (1095916.743355638 317151.6111137353)
16057.0,1095936.8125415093,317781.8874322616,16065.0,1.0,37.0,0.0,0.0,1.0,POINT (1095936.812541509 317781.8874322616)
16059.0,1095922.6843995634,317609.9381216585,16067.0,1.0,37.0,0.0,0.0,1.0,POINT (1095922.684399563 317609.9381216585)
19309.0,1095364.2145862966,317650.5781823821,15852.0,3.0,37.0,0.6640834368456591,527.0,1.0,POINT (1095364.214586297 317650.5781823821)
19310.0,1096040.423527165,317191.5247854278,24757.0,3.0,37.0,0.5593326709506747,444.0,1.0,POINT (1096040.423527165 317191.5247854278)
19311.0,1096210.0761341527,317273.49088563764,24779.0,3.0,37.0,0.9541879500999106,757.0,1.0,POINT (1096210.076134153 317273.4908856376)
19312.0,1095552.7120406695,317383.7004911924,24800.0,3.0,37.0,0.6858019266901789,544.0,1.0,POINT (1095552.71204067 317383.7004911924)
19313.0,1096066.7499545834,317591.7663686103,24824.0,3.0,37.0,0.39705573606061495,315.0,1.0,POINT (1096066.749954583 317591.7663686103)
19314.0,1095919.2024188356,317807.1604959891,24855.0,3.0,37.0,0.4314554793555457,343.0,1.0,POINT (1095919.202418836 317807.1604959891)
19315.0,1095935.6942054452,318176.2199857606,24894.0,3.0,37.0,0.7740711512866322,614.0,1.0,POINT (1095935.694205445 318176.2199857606)
19316.0,1096409.8896310742,318199.5514418007,24896.0,3.0,37.0,0.5877520755389789,467.0,1.0,POINT (1096409.889631074 318199.5514418007)
19317.0,1108491.0269411409,317423.2325545305,24933.0,3.0,38.0,0.5785778894510355,459.0,1.0,POINT (1108491.026941141 317423.2325545305)
19318.0,1107956.4292642812,317484.7697765239,24940.0,3.0,38.0,0.4817133310678843,382.0,1.0,POINT (1107956.429264281 317484.7697765239)
19319.0,1107908.5621711642,318110.2825122173,24957.0,3.0,38.0,0.7829328559325621,621.0,1.0,POINT (1107908.562171164 318110.2825122173)
19320.0,1107584.513664625,318362.31712670287,24980.0,3.0,38.0,1.2507209076752532,992.0,1.0,POINT (1107584.513664625 318362.3171267029)
19321.0,1099295.322323557,317593.16250234673,25000.0,3.0,39.0,0.8095945193316484,642.0,1.0,POINT (1099295.322323557 317593.1625023467)
19322.0,1099011.7301102057,317903.3946699035,25022.0,3.0,39.0,0.9934302391877043,788.0,1.0,POINT (1099011.730110206 317903.3946699035)
19323.0,1099441.9557196938,317952.57799494,25028.0,3.0,39.0,0.4154259805421571,330.0,1.0,POINT (1099441.955719694 317952.57799494)
5922.0,1099204.6263453464,317883.1781645929,25019.0,2.0,39.0,0.0,0.0,1.0,POINT (1099204.626345346 317883.1781645929)
16533.0,1107920.3770288627,311335.56905273604,16546.0,1.0,4.0,0.0,0.0,1.0,POINT (1107920.377028863 311335.569052736)
19127.0,1107389.690625315,311611.6782767023,16551.0,3.0,4.0,0.3046900970871384,242.0,1.0,POINT (1107389.690625315 311611.6782767023)
19128.0,1107642.575106551,310711.64029936085,20509.0,3.0,4.0,0.17189422280938774,137.0,1.0,POINT (1107642.575106551 310711.6402993608)
19129.0,1108072.704908266,310951.21182677976,20527.0,3.0,4.0,0.2986420725916957,237.0,1.0,POINT (1108072.704908266 310951.2118267798)
19130.0,1107860.722383027,311318.4480704413,20573.0,3.0,4.0,0.7335263064960101,582.0,1.0,POINT (1107860.722383027 311318.4480704413)
19131.0,1108262.026808308,311348.0632272501,20577.0,3.0,4.0,0.373970921146977,297.0,1.0,POINT (1108262.026808308 311348.0632272501)
19132.0,1107043.2736126916,311350.0288401314,20581.0,3.0,4.0,1.7673463886707752,1402.0,1.0,POINT (1107043.273612692 311350.0288401314)
19324.0,1106283.3367798328,318591.3446329915,17858.0,3.0,40.0,1.7549809641451448,1392.0,1.0,POINT (1106283.336779833 318591.3446329915)
19325.0,1106363.1518259794,318115.43880932394,25080.0,3.0,40.0,1.0108231810836104,802.0,1.0,POINT (1106363.151825979 318115.4388093239)
19326.0,1105640.7649424109,318165.53474817873,25090.0,3.0,40.0,0.7039334305771836,559.0,1.0,POINT (1105640.764942411 318165.5347481787)
19327.0,1105368.7283710977,318161.85300516256,25091.0,3.0,40.0,0.8399188472988369,666.0,1.0,POINT (1105368.728371098 318161.8530051626)
19328.0,1106099.835726652,318380.50169017893,25122.0,3.0,40.0,1.2514443344253678,993.0,1.0,POINT (1106099.835726652 318380.5016901789)
19329.0,1104874.9568769278,318576.42404232704,25190.0,3.0,40.0,1.1958466282406368,949.0,1.0,POINT (1104874.956876928 318576.424042327)
19330.0,1105506.1564148932,318688.1738634344,25241.0,3.0,40.0,0.34650654388977603,275.0,1.0,POINT (1105506.156414893 318688.1738634344)
19331.0,1106045.8206294926,318792.0868822497,25274.0,3.0,40.0,0.6403769054928341,508.0,1.0,POINT (1106045.820629493 318792.0868822497)
6147.0,1106192.1196288208,318686.58844265115,25244.0,2.0,40.0,0.0,0.0,1.0,POINT (1106192.119628821 318686.5884426511)
19332.0,1093296.2799044624,318087.08770055405,25287.0,3.0,41.0,0.4763166920773618,378.0,1.0,POINT (1093296.279904462 318087.0877005541)
19333.0,1093073.901845213,318339.8069218468,25300.0,3.0,41.0,0.6982836121911401,554.0,1.0,POINT (1093073.901845213 318339.8069218468)
19334.0,1093572.7450642926,318612.8664178748,25316.0,3.0,41.0,0.3715912818908691,295.0,1.0,POINT (1093572.745064293 318612.8664178748)
19335.0,1099703.7487651294,318303.7696479691,25325.0,3.0,42.0,0.3722432615950301,296.0,1.0,POINT (1099703.748765129 318303.7696479691)
19336.0,1099810.0026629,318660.9846615576,25338.0,3.0,42.0,0.8821048234819292,700.0,1.0,POINT (1099810.0026629 318660.9846615576)
17078.0,1110035.3254718278,318401.8403644316,17099.0,1.0,43.0,0.0,0.0,1.0,POINT (1110035.325471828 318401.8403644316)
19337.0,1110273.645952086,318431.2332542509,17123.0,3.0,43.0,0.9263707075033102,735.0,1.0,POINT (1110273.645952086 318431.2332542509)
19338.0,1109953.521939481,318333.9457072018,25353.0,3.0,43.0,1.4112616777849625,1119.0,1.0,POINT (1109953.521939481 318333.9457072018)
19339.0,1109996.8037343144,318698.616430632,25410.0,3.0,43.0,0.7883742090173669,626.0,1.0,POINT (1109996.803734314 318698.616430632)
19340.0,1110402.475664762,318795.99955949467,25423.0,3.0,43.0,0.9584924544944421,760.0,1.0,POINT (1110402.475664762 318795.9995594947)
19341.0,1125060.7631153457,318444.2488207549,25441.0,3.0,44.0,1.1406695742220492,905.0,1.0,POINT (1125060.763115346 318444.2488207549)
19342.0,1124934.6639700185,319133.8528663332,25458.0,3.0,44.0,0.6065631737580172,481.0,1.0,POINT (1124934.663970019 319133.8528663332)
19343.0,1108261.2853131972,318455.85847227287,25479.0,3.0,45.0,1.2186394639917322,967.0,1.0,POINT (1108261.285313197 318455.8584722729)
19344.0,1108836.6688123266,318601.76698017464,25492.0,3.0,45.0,0.4427757242563608,352.0,1.0,POINT (1108836.668812327 318601.7669801746)
19345.0,1127053.9190639595,318535.1363204195,25502.0,3.0,46.0,0.7654018264633041,607.0,1.0,POINT (1127053.91906396 318535.1363204195)
19346.0,1126893.1739148395,319085.46036748035,25521.0,3.0,46.0,0.9053786262306006,718.0,1.0,POINT (1126893.17391484 319085.4603674804)
15115.0,1107998.2384130205,319068.4340165428,15116.0,1.0,47.0,0.0,0.0,1.0,POINT (1107998.238413021 319068.4340165428)
19347.0,1107618.407217384,318915.6877614372,15107.0,3.0,47.0,0.30331045305406723,241.0,1.0,POINT (1107618.407217384 318915.6877614372)
19348.0,1108443.7791199973,319557.1015827932,15132.0,3.0,47.0,0.6337137921651204,503.0,1.0,POINT (1108443.779119997 319557.1015827932)
19349.0,1107860.4386580144,319507.846973366,15190.0,3.0,47.0,1.3501179155573113,1071.0,1.0,POINT (1107860.438658014 319507.846973366)
19350.0,1107134.5490626846,318835.5289571573,25531.0,3.0,47.0,0.8730762222221304,693.0,1.0,POINT (1107134.549062685 318835.5289571573)
19351.0,1108907.908314242,319357.21501104464,25582.0,3.0,47.0,0.341940660390768,272.0,1.0,POINT (1108907.908314242 319357.2150110446)
19352.0,1125088.5435942914,319546.6601683029,25628.0,3.0,48.0,0.32388116406964823,257.0,1.0,POINT (1125088.543594291 319546.6601683029)
19353.0,1124726.4173760393,319939.4420132516,25647.0,3.0,48.0,0.9548781870936488,758.0,1.0,POINT (1124726.417376039 319939.4420132516)
15785.0,1092793.702588683,321117.37031021394,15789.0,1.0,49.0,0.0,0.0,1.0,POINT (1092793.702588683 321117.3703102139)
16184.0,1092819.471821961,321390.8676281302,16195.0,1.0,49.0,0.0,0.0,1.0,POINT (1092819.471821961 321390.8676281302)
16191.0,1093079.612007322,321840.70564171573,16202.0,1.0,49.0,0.0,0.0,1.0,POINT (1093079.612007322 321840.7056417157)
19354.0,1092522.8059551814,320768.01111620216,25667.0,3.0,49.0,1.0324503506840883,819.0,1.0,POINT (1092522.805955181 320768.0111162022)
19355.0,1092738.44922877,320978.7308968232,25685.0,3.0,49.0,0.17391839860795855,138.0,1.0,POINT (1092738.44922877 320978.7308968232)
19356.0,1092096.151295995,320990.22431902576,25689.0,3.0,49.0,0.4810049974596178,382.0,1.0,POINT (1092096.151295995 320990.2243190258)
19357.0,1093114.6236586592,321179.90552596404,25720.0,3.0,49.0,0.589684805998931,468.0,1.0,POINT (1093114.623658659 321179.905525964)
19358.0,1092550.063562328,321248.11634337326,25725.0,3.0,49.0,0.8684838740030923,689.0,1.0,POINT (1092550.063562328 321248.1163433733)
19359.0,1092562.5056495129,321547.16973710014,25754.0,3.0,49.0,1.0345287068684896,821.0,1.0,POINT (1092562.505649513 321547.1697371001)
19360.0,1093128.148178788,321820.4004087762,25794.0,3.0,49.0,0.7959467935991716,632.0,1.0,POINT (1093128.148178788 321820.4004087762)
19361.0,1093234.1973562269,322013.97666762595,25814.0,3.0,49.0,0.16831887425603093,134.0,1.0,POINT (1093234.197356227 322013.9766676259)
19362.0,1092545.899819443,322033.60739318456,25817.0,3.0,49.0,1.017639980316162,807.0,1.0,POINT (1092545.899819443 322033.6073931846)
6574.0,1092514.27177209,320830.2938029606,25671.0,2.0,49.0,0.0,0.0,1.0,POINT (1092514.27177209 320830.2938029606)
6642.0,1092685.2538811185,321412.2752527968,25739.0,2.0,49.0,0.0,0.0,1.0,POINT (1092685.253881118 321412.2752527968)
19133.0,1109335.8815251992,311020.6310360802,20649.0,3.0,5.0,0.2450239856823071,195.0,1.0,POINT (1109335.881525199 311020.6310360802)
19134.0,1109773.4677830422,311139.8121549569,20653.0,3.0,5.0,0.16733796678147872,133.0,1.0,POINT (1109773.467783042 311139.8121549569)
19135.0,1108952.840102009,311502.88582831697,20669.0,3.0,5.0,0.19656394511729747,156.0,1.0,POINT (1108952.840102009 311502.885828317)
19136.0,1109276.575368124,311751.33959385386,20687.0,3.0,5.0,0.7587319989247365,602.0,1.0,POINT (1109276.575368124 311751.3395938539)
19137.0,1108949.0802725835,311962.3038803072,20712.0,3.0,5.0,0.473059775378253,376.0,1.0,POINT (1108949.080272584 311962.3038803072)
1601.0,1109192.622948558,311813.4034273997,20698.0,2.0,5.0,0.0,0.0,1.0,POINT (1109192.622948558 311813.4034273997)
19363.0,1124776.9857877095,321172.8615896599,25829.0,3.0,50.0,0.26662340954617336,212.0,1.0,POINT (1124776.985787709 321172.8615896599)
19364.0,1124891.5551241532,321700.7076690785,25839.0,3.0,50.0,0.4225788956719476,336.0,1.0,POINT (1124891.555124153 321700.7076690785)
19365.0,1124896.835789298,322121.18200046336,25850.0,3.0,50.0,1.022679947002514,811.0,1.0,POINT (1124896.835789298 322121.1820004634)
19366.0,1123469.0271902885,321371.8280795213,25868.0,3.0,51.0,0.525288919156736,417.0,1.0,POINT (1123469.027190289 321371.8280795213)
19367.0,1091477.2589904168,321485.96135236986,25894.0,3.0,52.0,0.6130995157602671,487.0,1.0,POINT (1091477.258990417 321485.9613523699)
19368.0,1091156.3409835007,321722.33537464985,25903.0,3.0,52.0,1.1490651740684166,912.0,1.0,POINT (1091156.340983501 321722.3353746498)
19369.0,1091698.6136837872,322097.0350771884,25926.0,3.0,52.0,0.8225576878453159,653.0,1.0,POINT (1091698.613683787 322097.0350771884)
19370.0,1091455.1739144227,322262.59153708076,25937.0,3.0,52.0,0.6390657254811879,507.0,1.0,POINT (1091455.173914423 322262.5915370808)
19371.0,1091137.533505598,322414.7029729476,25946.0,3.0,52.0,0.4279513360788157,340.0,1.0,POINT (1091137.533505598 322414.7029729476)
6809.0,1091501.3119886732,321753.69102583925,25906.0,2.0,52.0,0.0,0.0,1.0,POINT (1091501.311988673 321753.6910258392)
19372.0,1109340.9772403748,321921.9962822217,25971.0,3.0,53.0,0.9966435917003732,791.0,1.0,POINT (1109340.977240375 321921.9962822217)
19373.0,1109163.9015766012,321928.6817805062,25972.0,3.0,53.0,0.9957311807237228,790.0,1.0,POINT (1109163.901576601 321928.6817805062)
16290.0,1105208.597747445,323373.0713231808,16301.0,1.0,54.0,0.0,0.0,1.0,POINT (1105208.597747445 323373.0713231808)
17114.0,1104515.2955899965,322941.1889819914,17136.0,1.0,54.0,0.0,0.0,1.0,POINT (1104515.295589997 322941.1889819914)
17127.0,1104969.2473369427,323032.1770091522,17149.0,1.0,54.0,0.0,0.0,1.0,POINT (1104969.247336943 323032.1770091522)
19374.0,1104863.3097711606,323744.98632931034,16310.0,3.0,54.0,0.4845711551700626,385.0,1.0,POINT (1104863.309771161 323744.9863293103)
19375.0,1104326.1638112534,322883.54249739845,17297.0,3.0,54.0,0.0,0.0,1.0,POINT (1104326.163811253 322883.5424973984)
19376.0,1104312.9899082726,322375.11148587463,26004.0,3.0,54.0,0.7055228906923586,560.0,1.0,POINT (1104312.989908273 322375.1114858746)
19377.0,1104572.529907514,322890.8034182362,26055.0,3.0,54.0,0.6558972308871982,521.0,1.0,POINT (1104572.529907514 322890.8034182362)
19378.0,1105167.771518792,322949.1774363317,26075.0,3.0,54.0,0.23513451120874904,187.0,1.0,POINT (1105167.771518792 322949.1774363317)
19379.0,1104689.675400771,323126.51891799644,26105.0,3.0,54.0,0.3107554580069877,247.0,1.0,POINT (1104689.675400771 323126.5189179964)
19380.0,1105122.410988296,323239.05370461434,26122.0,3.0,54.0,0.1822537870664854,145.0,1.0,POINT (1105122.410988296 323239.0537046143)
19381.0,1103651.0971876043,322846.5980543761,18269.0,3.0,55.0,1.7405070163967369,1380.0,1.0,POINT (1103651.097187604 322846.5980543761)
15405.0,1110135.46965267,323012.54628944164,15408.0,1.0,56.0,0.0,0.0,1.0,POINT (1110135.46965267 323012.5462894416)
15406.0,1109971.9463520737,323016.5059318294,15409.0,1.0,56.0,0.0,0.0,1.0,POINT (1109971.946352074 323016.5059318294)
19382.0,1110447.438138919,322762.7016298126,26241.0,3.0,56.0,0.3733345626281188,297.0,1.0,POINT (1110447.438138919 322762.7016298126)
19383.0,1109896.29985729,322839.18095005024,26249.0,3.0,56.0,1.3954704961690816,1107.0,1.0,POINT (1109896.29985729 322839.1809500502)
19384.0,1110172.9265050888,323073.007098182,26263.0,3.0,56.0,0.24844259674484664,197.0,1.0,POINT (1110172.926505089 323073.007098182)
19385.0,1109641.2884312766,323085.0636999425,26271.0,3.0,56.0,0.3299593784572842,262.0,1.0,POINT (1109641.288431277 323085.0636999425)
19386.0,1118390.41434376,325982.4387445682,26303.0,3.0,57.0,0.33451668215227554,266.0,1.0,POINT (1118390.41434376 325982.4387445682)
19387.0,1118953.4039740686,325987.74970232585,26304.0,3.0,57.0,0.6808260529320519,540.0,1.0,POINT (1118953.403974069 325987.7497023258)
19388.0,1111332.6919557708,326635.5827179475,26338.0,3.0,58.0,1.2777422119690491,1014.0,1.0,POINT (1111332.691955771 326635.5827179475)
19389.0,1111460.3309757728,327142.53653569036,26379.0,3.0,58.0,0.5671171681515805,450.0,1.0,POINT (1111460.330975773 327142.5365356904)
19390.0,1111778.3221333015,327741.7699390532,18564.0,3.0,59.0,1.4646519470214845,1162.0,1.0,POINT (1111778.322133302 327741.7699390532)
19391.0,1111296.4868250922,327793.65202719736,26433.0,3.0,59.0,0.6647363222826708,528.0,1.0,POINT (1111296.486825092 327793.6520271974)
19138.0,1098756.694836037,311691.0598721568,20735.0,3.0,6.0,0.4863107877164274,386.0,1.0,POINT (1098756.694836037 311691.0598721568)
19139.0,1099235.3385657065,311920.0848368964,20751.0,3.0,6.0,1.3851544708389418,1099.0,1.0,POINT (1099235.338565707 311920.0848368964)
19392.0,1119876.5665152806,329677.9094740039,26449.0,3.0,60.0,0.5530958727243784,439.0,1.0,POINT (1119876.566515281 329677.9094740039)
19393.0,1116888.4912342548,332174.08361115627,26466.0,3.0,61.0,0.2920396577989733,232.0,1.0,POINT (1116888.491234255 332174.0836111563)
19394.0,1117293.308178648,332310.5357423353,26488.0,3.0,61.0,0.3588310841397121,285.0,1.0,POINT (1117293.308178648 332310.5357423353)
19395.0,1116569.9049283608,332422.8094706644,26496.0,3.0,61.0,0.9394799828744148,745.0,1.0,POINT (1116569.904928361 332422.8094706644)
19140.0,1111916.9508991758,311598.41985882627,20776.0,3.0,7.0,0.6164605989542093,489.0,1.0,POINT (1111916.950899176 311598.4198588263)
19141.0,1111515.8201903377,311760.9866284429,20810.0,3.0,7.0,1.9198878886248607,1523.0,1.0,POINT (1111515.820190338 311760.9866284429)
19142.0,1111259.5031469436,311782.33028101816,20815.0,3.0,7.0,0.32659076914057,259.0,1.0,POINT (1111259.503146944 311782.3302810182)
19143.0,1126116.7733668028,312127.43009238143,20850.0,3.0,8.0,1.2152632094718314,964.0,1.0,POINT (1126116.773366803 312127.4300923814)
19144.0,1125975.674563907,312608.04396286386,20869.0,3.0,8.0,0.37446084082663594,297.0,1.0,POINT (1125975.674563907 312608.0439628639)
19145.0,1105376.4776798957,312131.3448771241,20885.0,3.0,9.0,0.4092054963326669,325.0,1.0,POINT (1105376.477679896 312131.3448771241)
19146.0,1105886.4211431805,312358.4024115715,20901.0,3.0,9.0,1.0595854958542832,841.0,1.0,POINT (1105886.42114318 312358.4024115715)
,1118181.4249354028,333867.98575453914,26497.0,3.0,-1.0,0.0,,1.0,POINT (1118181.424935403 333867.9857545391)
,1094864.976209544,310768.86751952686,26498.0,3.0,-1.0,0.0,,1.0,POINT (1094864.976209544 310768.8675195269)
,1117711.835990212,313074.1222759219,26499.0,3.0,-1.0,0.0,,1.0,POINT (1117711.835990212 313074.1222759219)
