Conn_param,Cost,ID1,ID2,Length,geometry
0.0,3360384.0896056597,15876.0,15884.0,336.03840896056596,"LINESTRING (1101104.936220113 309425.2355168243, 1101418.065313471 309543.5628180212)"
1.0,3491922.602046093,15884.0,19376.0,349.1922602046093,"LINESTRING (1101418.065313471 309543.5628180212, 1101658.515695919 309776.0808697547)"
2.0,5489180.93344142,19376.0,15904.0,548.918093344142,"LINESTRING (1101658.515695919 309776.0808697547, 1102095.76232163 310062.9932714268)"
3.0,1976085.08365295,15904.0,15908.0,197.60850836529502,"LINESTRING (1102095.76232163 310062.9932714268, 1102283.64064906 310123.7938317172)"
4.0,4548155.88911377,15908.0,15918.0,454.815588911377,"LINESTRING (1102283.64064906 310123.7938317172, 1102707.52965434 310285.1159878676)"
5.0,2304688.29194744,15918.0,15923.0,230.468829194744,"LINESTRING (1102707.52965434 310285.1159878676, 1102920.862925982 310372.1411197593)"
6.0,690945.80674428,15923.0,15925.0,69.094580674428,"LINESTRING (1102920.862925982 310372.1411197593, 1102989.160106703 310381.6705186052)"
7.0,5081199.556321007,15925.0,19624.0,508.1199556321007,"LINESTRING (1102989.160106703 310381.6705186052, 1103114.136175775 310599.2409850461)"
8.0,293389.10923528794,15876.0,19202.0,29.338910923528793,"LINESTRING (1101104.936220113 309425.2355168243, 1101128.429602723 309407.6618812373)"
9.0,5014994.726589486,15876.0,19201.0,501.49947265894855,"LINESTRING (1101104.936220113 309425.2355168243, 1100633.292680199 309398.1453280671)"
10.0,3308092.2319726218,19201.0,19322.0,330.8092231972622,"LINESTRING (1100633.292680199 309398.1453280671, 1100442.347200249 309648.0960100344)"
11.0,6220828.927032086,19322.0,19365.0,622.0828927032087,"LINESTRING (1100442.347200249 309648.0960100344, 1100019.286874324 309755.0960916761)"
12.0,742870.2586526552,15884.0,19257.0,74.28702586526552,"LINESTRING (1101418.065313471 309543.5628180212, 1101489.338025109 309522.7808786841)"
13.0,3728764.418534932,19257.0,19258.0,372.87644185349313,"LINESTRING (1101489.338025109 309522.7808786841, 1101739.663996426 309531.3332020022)"
14.0,4260179.070248723,19258.0,19180.0,426.01790702487233,"LINESTRING (1101739.663996426 309531.3332020022, 1101983.052960742 309350.7821982359)"
15.0,984192.8190744396,19180.0,19198.0,98.41928190744395,"LINESTRING (1101983.052960742 309350.7821982359, 1102041.064440308 309400.0690958314)"
16.0,3311746.481256118,19469.0,19491.0,331.17464812561184,"LINESTRING (1102362.435536095 310024.0517344106, 1102167.511743584 310055.0739190186)"
17.0,864971.1957665576,19491.0,15904.0,86.49711957665575,"LINESTRING (1102167.511743584 310055.0739190186, 1102095.76232163 310062.9932714268)"
18.0,1133488.2302745027,19201.0,19228.0,113.34882302745027,"LINESTRING (1100633.292680199 309398.1453280671, 1100725.509897149 309450.2363326825)"
19.0,5596284.364744535,19332.0,19375.0,559.6284364744535,"LINESTRING (1103974.107002329 309687.7125753495, 1103524.628001794 309788.2886028762)"
20.0,4591549.115085485,19375.0,19503.0,459.15491150854854,"LINESTRING (1103524.628001794 309788.2886028762, 1103705.255331821 310095.0234329142)"
21.0,2738401.770331799,16645.0,16837.0,273.84017703317994,"LINESTRING (1103233.410852307 312387.5188838473, 1102984.777422124 312320.191511764)"
22.0,2418771.7876212457,16837.0,20066.0,241.87717876212457,"LINESTRING (1102984.777422124 312320.191511764, 1102911.969241278 312510.5868846297)"
23.0,2874239.11541991,16645.0,15577.0,287.423911541991,"LINESTRING (1103233.410852307 312387.5188838473, 1103454.369946495 312523.8848862525)"
24.0,4077612.17565485,15577.0,19022.0,407.7612175654849,"LINESTRING (1103454.369946495 312523.8848862525, 1103495.905130481 312849.8469419308)"
25.0,3312803.93366285,19022.0,18085.0,331.28039336628495,"LINESTRING (1103495.905130481 312849.8469419308, 1103184.796505825 312961.6469319587)"
26.0,2226686.9397495603,18085.0,20309.0,222.668693974956,"LINESTRING (1103184.796505825 312961.6469319587, 1103149.643892821 313144.2546542116)"
27.0,351431.35697329993,16775.0,16776.0,35.143135697329996,"LINESTRING (1102888.48232466 310978.9437750315, 1102860.972436441 311000.64006079)"
28.0,4183495.5967753297,16775.0,19706.0,418.3495596775329,"LINESTRING (1102888.48232466 310978.9437750315, 1103189.25904821 311182.5915036561)"
29.0,6992242.370436973,19706.0,16579.0,699.2242370436971,"LINESTRING (1103189.25904821 311182.5915036561, 1103745.034369813 311156.8758780871)"
30.0,1580551.8994296119,16579.0,19673.0,158.0551899429612,"LINESTRING (1103745.034369813 311156.8758780871, 1103838.029832501 311081.0226097652)"
31.0,6483178.16625161,16775.0,15925.0,648.317816625161,"LINESTRING (1102888.48232466 310978.9437750315, 1102989.160106703 310381.6705186052)"
32.0,1441177.5107748655,19341.0,19375.0,144.11775107748656,"LINESTRING (1103403.604025394 309710.038214302, 1103524.628001794 309788.2886028762)"
33.0,6045377.77818658,19341.0,19474.0,604.537777818658,"LINESTRING (1103403.604025394 309710.038214302, 1103008.749867942 310030.2984306346)"
34.0,639559.7266374485,19474.0,19481.0,63.95597266374485,"LINESTRING (1103008.749867942 310030.2984306346, 1102945.62467768 310040.5734875053)"
35.0,4175169.6433916437,19481.0,15923.0,417.5169643391644,"LINESTRING (1102945.62467768 310040.5734875053, 1102920.862925982 310372.1411197593)"
36.0,5287156.665254184,19341.0,19214.0,528.7156665254184,"LINESTRING (1103403.604025394 309710.038214302, 1103057.858835571 309441.8937694271)"
37.0,533292.161892646,19729.0,16757.0,53.3292161892646,"LINESTRING (1102048.517724414 311267.0508199655, 1102062.894543449 311318.4055896933)"
38.0,3999824.50639317,16757.0,16702.0,399.982450639317,"LINESTRING (1102062.894543449 311318.4055896933, 1102437.35643436 311245.7452685285)"
39.0,6535305.470993079,16702.0,16714.0,653.530547099308,"LINESTRING (1102437.35643436 311245.7452685285, 1102649.699380048 310778.3249647316)"
40.0,5013886.59711276,16714.0,15918.0,501.3886597112759,"LINESTRING (1102649.699380048 310778.3249647316, 1102707.52965434 310285.1159878676)"
41.0,7752404.71037875,19729.0,19651.0,775.2404710378751,"LINESTRING (1102048.517724414 311267.0508199655, 1101970.124038647 310880.5424523508)"
42.0,6081015.286036628,19858.0,19048.0,608.1015286036628,"LINESTRING (1100612.824715289 311723.9996633477, 1100850.665869914 312033.0044459336)"
43.0,3773830.549339041,19048.0,19863.0,377.38305493390413,"LINESTRING (1100850.665869914 312033.0044459336, 1100857.738694271 311743.3910223496)"
44.0,8027589.343286514,19858.0,19695.0,802.7589343286517,"LINESTRING (1100612.824715289 311723.9996633477, 1100600.067164671 311126.7333912356)"
45.0,1021217.9663080102,19224.0,19257.0,102.12179663080101,"LINESTRING (1101521.836107725 309451.4240720702, 1101489.338025109 309522.7808786841)"
46.0,5285810.469121784,19481.0,19291.0,528.5810469121784,"LINESTRING (1102945.62467768 310040.5734875053, 1102758.52948503 309590.9710906286)"
47.0,4361156.837818162,19868.0,16828.0,436.11568378181613,"LINESTRING (1102529.002382451 311779.7271798325, 1102796.762374973 312025.9659884597)"
48.0,3863638.15855645,16828.0,16837.0,386.363815855645,"LINESTRING (1102796.762374973 312025.9659884597, 1102984.777422124 312320.191511764)"
49.0,1446547.15883795,20125.0,20172.0,144.654715883795,"LINESTRING (1101450.704300321 312668.8750703975, 1101384.071998439 312797.2694751563)"
50.0,2694728.017225336,20125.0,20075.0,269.4728017225336,"LINESTRING (1101450.704300321 312668.8750703975, 1101237.634832146 312526.9294862996)"
51.0,3681337.1360953576,20125.0,19037.0,368.1337136095358,"LINESTRING (1101450.704300321 312668.8750703975, 1101541.484312923 312445.6586530937)"
52.0,483918.57317193993,19037.0,19038.0,48.391857317193995,"LINESTRING (1101541.484312923 312445.6586530937, 1101499.458385169 312421.6671285274)"
53.0,6011808.001895639,19038.0,16680.0,601.180800189564,"LINESTRING (1101499.458385169 312421.6671285274, 1100983.519625849 312118.8562239463)"
54.0,10502351.465841241,16680.0,16746.0,1050.235146584124,"LINESTRING (1100983.519625849 312118.8562239463, 1101729.873885821 311465.20641984)"
55.0,969099.43822421,16746.0,16824.0,96.90994382242101,"LINESTRING (1101729.873885821 311465.20641984, 1101773.537862427 311547.8258736281)"
56.0,6930927.912871943,19874.0,16571.0,693.092791287194,"LINESTRING (1104430.119647918 311800.7322670922, 1104040.087932202 311452.0395554678)"
57.0,4415560.29440161,16571.0,16579.0,441.556029440161,"LINESTRING (1104040.087932202 311452.0395554678, 1103745.034369813 311156.8758780871)"
58.0,1347992.4513157962,15908.0,19540.0,134.7992451315796,"LINESTRING (1102283.64064906 310123.7938317172, 1102330.095976765 310194.2357724714)"
59.0,7656280.8017531885,18085.0,20189.0,765.6280801753188,"LINESTRING (1103184.796505825 312961.6469319587, 1102473.928624379 312836.6261095554)"
60.0,974120.4900769297,20189.0,20151.0,97.41204900769296,"LINESTRING (1102473.928624379 312836.6261095554, 1102519.762665642 312752.4177784346)"
61.0,4091060.662238491,20151.0,20192.0,409.10606622384904,"LINESTRING (1102519.762665642 312752.4177784346, 1102768.72808171 312845.7854475805)"
62.0,1332405.0966361875,20133.0,19032.0,133.24050966361875,"LINESTRING (1102112.55373315 312690.4646721883, 1102220.354216944 312767.671287221)"
63.0,3432473.3782725474,19032.0,20189.0,343.24733782725474,"LINESTRING (1102220.354216944 312767.671287221, 1102473.928624379 312836.6261095554)"
64.0,6129384.799086505,20007.0,20151.0,612.9384799086504,"LINESTRING (1102304.935621071 312362.9995451098, 1102519.762665642 312752.4177784346)"
65.0,3568837.8109567147,20007.0,19950.0,356.88378109567145,"LINESTRING (1102304.935621071 312362.9995451098, 1102273.034187622 312079.3796017782)"
66.0,1582102.2069646,16680.0,19048.0,158.21022069646,"LINESTRING (1100983.519625849 312118.8562239463, 1100850.665869914 312033.0044459336)"
67.0,4493621.656975921,19117.0,19123.0,449.3621656975921,"LINESTRING (1101708.182524334 308957.4292551312, 1102053.624009777 308999.7709533762)"
68.0,1665839.9049439193,19123.0,19150.0,166.58399049439194,"LINESTRING (1102053.624009777 308999.7709533762, 1102137.633672439 309143.4073305454)"
69.0,2841873.7271620845,19150.0,19167.0,284.1873727162085,"LINESTRING (1102137.633672439 309143.4073305454, 1101936.367090622 309305.2925294042)"
70.0,651834.3684812883,19167.0,19180.0,65.18343684812884,"LINESTRING (1101936.367090622 309305.2925294042, 1101983.052960742 309350.7821982359)"
71.0,340332.57983745635,19118.0,19123.0,34.03325798374564,"LINESTRING (1102060.440791414 308976.2630433041, 1102053.624009777 308999.7709533762)"
72.0,795817.9874287435,19376.0,19388.0,79.58179874287435,"LINESTRING (1101658.515695919 309776.0808697547, 1101599.584498978 309818.9490552011)"
73.0,4300465.88858125,19388.0,19393.0,430.0465888581249,"LINESTRING (1101599.584498978 309818.9490552011, 1101271.103715397 309815.173034563)"
74.0,185149.83923478433,19168.0,19167.0,18.514983923478432,"LINESTRING (1101919.00953125 309311.736112439, 1101936.367090622 309305.2925294042)"
75.0,4750904.944007246,19426.0,19547.0,475.09049440072454,"LINESTRING (1101596.816553098 309890.6635185901, 1101666.833961248 310214.2083464531)"
76.0,718190.7197789694,19426.0,19388.0,71.81907197789695,"LINESTRING (1101596.816553098 309890.6635185901, 1101599.584498978 309818.9490552011)"
77.0,2854536.773149972,19911.0,16828.0,285.45367731499715,"LINESTRING (1102976.693629206 311899.6580360887, 1102796.762374973 312025.9659884597)"
78.0,4759013.86160878,16746.0,16757.0,475.901386160878,"LINESTRING (1101729.873885821 311465.20641984, 1102062.894543449 311318.4055896933)"
79.0,1219116.5595611145,19149.0,19150.0,121.91165595611145,"LINESTRING (1102258.809302044 309138.424599789, 1102137.633672439 309143.4073305454)"
80.0,522085.5553630189,19022.0,20219.0,52.20855553630189,"LINESTRING (1103495.905130481 312849.8469419308, 1103517.681426608 312896.6825074826)"
81.0,10000744.429844633,20219.0,20340.0,1000.0744429844631,"LINESTRING (1103517.681426608 312896.6825074826, 1103995.699589294 313469.9894084687)"
82.0,3633353.74297713,19032.0,19034.0,363.33537429771303,"LINESTRING (1102220.354216944 312767.671287221, 1101893.477956787 312609.476814574)"
83.0,3883271.9121597596,19034.0,19037.0,388.327191215976,"LINESTRING (1101893.477956787 312609.476814574, 1101541.484312923 312445.6586530937)"
84.0,1671265.9007312665,19034.0,20059.0,167.12659007312666,"LINESTRING (1101893.477956787 312609.476814574, 1101802.934791184 312498.0866220209)"
85.0,3026873.4428193443,20993.0,21041.0,302.68734428193443,"LINESTRING (1107383.829853024 312618.4792977455, 1107480.438707484 312786.382907483)"
86.0,6353926.633081166,21041.0,17652.0,635.3926633081167,"LINESTRING (1107480.438707484 312786.382907483, 1107134.942886759 313103.0776543166)"
87.0,641926.13789166,17652.0,18967.0,64.192613789166,"LINESTRING (1107134.942886759 313103.0776543166, 1107073.194630999 313085.5321541615)"
88.0,4458138.508485305,18967.0,18974.0,445.8138508485305,"LINESTRING (1107073.194630999 313085.5321541615, 1106731.044240173 312896.2111336107)"
89.0,1439268.9169421718,18974.0,21056.0,143.92689169421718,"LINESTRING (1106731.044240173 312896.2111336107, 1106653.203152316 312824.8893073412)"
90.0,4252457.67319316,21056.0,20987.0,425.2457673193161,"LINESTRING (1106653.203152316 312824.8893073412, 1106564.92946078 312589.2956497181)"
91.0,3079061.0303948894,20987.0,20959.0,307.9061030394889,"LINESTRING (1106564.92946078 312589.2956497181, 1106591.661090918 312320.5522085915)"
92.0,7932675.638347614,20993.0,20953.0,793.2675638347612,"LINESTRING (1107383.829853024 312618.4792977455, 1107000.290350328 312231.5048000381)"
93.0,8226854.369998045,21387.0,21448.0,822.6854369998046,"LINESTRING (1105123.645578687 313811.7677094489, 1105614.445378195 313951.6687196051)"
94.0,7477994.162316442,21448.0,21463.0,747.7994162316443,"LINESTRING (1105614.445378195 313951.6687196051, 1106101.773377465 314021.3706572186)"
95.0,9985195.853291297,21463.0,21322.0,998.5195853291299,"LINESTRING (1106101.773377465 314021.3706572186, 1106780.745847598 313552.3005003802)"
96.0,5803895.480944852,21322.0,21189.0,580.3895480944856,"LINESTRING (1106780.745847598 313552.3005003802, 1106987.065361226 313148.9141254526)"
97.0,1500648.4111650148,21189.0,21142.0,150.0648411165015,"LINESTRING (1106987.065361226 313148.9141254526, 1107066.035795463 313109.6431633625)"
98.0,251513.35767891197,21142.0,18967.0,25.151335767891197,"LINESTRING (1107066.035795463 313109.6431633625, 1107073.194630999 313085.5321541615)"
99.0,2062255.0845330928,21387.0,21460.0,206.2255084533093,"LINESTRING (1105123.645578687 313811.7677094489, 1105210.041028619 313995.9303059699)"
100.0,6511530.742951165,21460.0,21488.0,651.1530742951167,"LINESTRING (1105210.041028619 313995.9303059699, 1105548.678219636 314240.3685059638)"
101.0,3741658.879525639,21189.0,21202.0,374.1658879525639,"LINESTRING (1106987.065361226 313148.9141254526, 1106785.557665649 313164.4086420506)"
102.0,5910128.8427469535,21320.0,21333.0,591.0128842746952,"LINESTRING (1104435.315398847 313529.9278792425, 1104703.642415348 313590.0620214337)"
103.0,4769248.47833087,21333.0,21375.0,476.92484783308703,"LINESTRING (1104703.642415348 313590.0620214337, 1105080.491917799 313795.1764916601)"
104.0,5524933.873602343,21375.0,21407.0,552.4933873602342,"LINESTRING (1105080.491917799 313795.1764916601, 1104580.570521806 313853.4182619161)"
105.0,6846213.10221562,18985.0,18974.0,684.621310221562,"LINESTRING (1106082.827802901 312677.8170702932, 1106731.044240173 312896.2111336107)"
106.0,4916586.578453761,18985.0,18995.0,491.658657845376,"LINESTRING (1106082.827802901 312677.8170702932, 1105601.797791962 312601.6492825181)"
107.0,5099948.629190961,18995.0,21035.0,509.99486291909614,"LINESTRING (1105601.797791962 312601.6492825181, 1105244.37557663 312765.727373442)"
108.0,1093106.6835739983,18985.0,21039.0,109.31066835739982,"LINESTRING (1106082.827802901 312677.8170702932, 1106049.453266012 312765.406880462)"
109.0,505561.33851088386,21387.0,21375.0,50.55613385108839,"LINESTRING (1105123.645578687 313811.7677094489, 1105080.491917799 313795.1764916601)"
110.0,3533233.6463972395,17646.0,17651.0,353.323364639724,"LINESTRING (1107101.75239698 313540.1883301313, 1107125.266402121 313188.694851372)"
111.0,861622.8169324,17651.0,17652.0,86.16228169324,"LINESTRING (1107125.266402121 313188.694851372, 1107134.942886759 313103.0776543166)"
112.0,2874530.3548359685,20984.0,20987.0,287.45303548359686,"LINESTRING (1106298.46595997 312571.101792415, 1106564.92946078 312589.2956497181)"
113.0,4080167.959726042,21306.0,17651.0,408.0167959726042,"LINESTRING (1107351.845815506 313466.5925204625, 1107125.266402121 313188.694851372)"
114.0,1806923.1809650809,17409.0,21958.0,180.69231809650807,"LINESTRING (1099676.749028426 316105.4557933298, 1099823.716261203 316089.1569106238)"
115.0,3360250.53709497,17409.0,17403.0,336.025053709497,"LINESTRING (1099676.749028426 316105.4557933298, 1099856.744131839 315839.5025757953)"
116.0,4156123.13724784,17403.0,17398.0,415.6123137247839,"LINESTRING (1099856.744131839 315839.5025757953, 1100200.206691598 315614.1717366517)"
117.0,5923129.422443067,17398.0,21741.0,592.3129422443067,"LINESTRING (1100200.206691598 315614.1717366517, 1100543.936824307 315279.2290962308)"
118.0,4324562.058557659,17409.0,15511.0,432.456205855766,"LINESTRING (1099676.749028426 316105.4557933298, 1099318.656191174 315927.0287843589)"
119.0,606784.5723153019,15511.0,21879.0,60.67845723153019,"LINESTRING (1099318.656191174 315927.0287843589, 1099343.036615 315871.463776431)"
120.0,2721413.5095987576,21879.0,21880.0,272.14135095987575,"LINESTRING (1099343.036615 315871.463776431, 1099526.489216814 315873.136285317)"
121.0,162951.1359207845,21635.0,21636.0,16.29511359207845,"LINESTRING (1099026.43194293 314334.4749337814, 1099042.720905889 314334.9226085308)"
122.0,6780034.4922326505,21635.0,17779.0,678.0034492232651,"LINESTRING (1099026.43194293 314334.4749337814, 1098907.8983838 313693.0968611758)"
123.0,924223.7958379199,17779.0,17778.0,92.422379583792,"LINESTRING (1098907.8983838 313693.0968611758, 1098889.164506191 313602.5930597216)"
124.0,2651549.2631698577,17778.0,21569.0,265.1549263169857,"LINESTRING (1098889.164506191 313602.5930597216, 1099080.406823866 313466.0216012929)"
125.0,5509826.784691181,21635.0,17785.0,550.9826784691181,"LINESTRING (1099026.43194293 314334.4749337814, 1098921.745689381 314805.5508987871)"
126.0,809898.9284689199,17785.0,17786.0,80.98989284689199,"LINESTRING (1098921.745689381 314805.5508987871, 1098908.245450084 314885.4076848623)"
127.0,5884791.039547221,17786.0,17791.0,588.479103954722,"LINESTRING (1098908.245450084 314885.4076848623, 1098917.102386666 315449.8005989395)"
128.0,225606.86537598755,17791.0,21772.0,22.560686537598755,"LINESTRING (1098917.102386666 315449.8005989395, 1098939.448606388 315446.6972070538)"
129.0,4312321.513380073,22020.0,17482.0,431.23215133800727,"LINESTRING (1098722.180790198 316740.2717072547, 1099004.849610209 316552.3188403223)"
130.0,4759540.180258916,17482.0,22035.0,475.9540180258915,"LINESTRING (1099004.849610209 316552.3188403223, 1098981.014617496 316991.4358547534)"
131.0,4234542.585538538,21765.0,15512.0,423.45425855385383,"LINESTRING (1098651.239356366 315392.063856562, 1098867.500581936 315620.0915468009)"
132.0,5456835.790885159,15512.0,15511.0,545.6835790885159,"LINESTRING (1098867.500581936 315620.0915468009, 1099318.656191174 315927.0287843589)"
133.0,404377.91338856996,15511.0,17473.0,40.437791338857,"LINESTRING (1099318.656191174 315927.0287843589, 1099296.340814102 315960.7517574559)"
134.0,6714680.073122831,17473.0,17482.0,671.4680073122829,"LINESTRING (1099296.340814102 315960.7517574559, 1099004.849610209 316552.3188403223)"
135.0,4779024.226307669,21897.0,17473.0,477.9024226307668,"LINESTRING (1098897.662485658 315920.1586471987, 1099296.340814102 315960.7517574559)"
136.0,1447258.942678284,17473.0,21934.0,144.72589426782838,"LINESTRING (1099296.340814102 315960.7517574559, 1099401.171516666 316027.1584863084)"
137.0,1789979.09712102,15512.0,17791.0,178.997909712102,"LINESTRING (1098867.500581936 315620.0915468009, 1098917.102386666 315449.8005989395)"
138.0,4641462.097617601,21533.0,15787.0,464.14620976176013,"LINESTRING (1098843.234215638 312647.1283627526, 1098827.482016962 313072.0344730221)"
139.0,1953411.6342642698,15787.0,15788.0,195.341163426427,"LINESTRING (1098827.482016962 313072.0344730221, 1098811.673412345 313266.7349048369)"
140.0,7057463.006663248,15788.0,21553.0,705.7463006663247,"LINESTRING (1098811.673412345 313266.7349048369, 1099306.674989182 313043.9416919266)"
141.0,593491.0379568579,15787.0,21556.0,59.3491037956858,"LINESTRING (1098827.482016962 313072.0344730221, 1098777.325524332 313103.7621008629)"
142.0,949737.7620081706,21825.0,17398.0,94.97377620081706,"LINESTRING (1100238.76153934 315689.710361429, 1100200.206691598 315614.1717366517)"
143.0,8278590.212912991,21603.0,21681.0,827.8590212912991,"LINESTRING (1098859.877522723 314198.6169048364, 1098776.642939967 314744.3447013304)"
144.0,2872756.052059719,21681.0,17786.0,287.2756052059719,"LINESTRING (1098776.642939967 314744.3447013304, 1098908.245450084 314885.4076848623)"
145.0,3799011.920860939,21701.0,21738.0,379.901192086094,"LINESTRING (1099313.30664876 314918.5805879447, 1099287.666822376 315274.6219684557)"
146.0,1356664.768448982,21701.0,21703.0,135.6664768448982,"LINESTRING (1099313.30664876 314918.5805879447, 1099177.698662279 314922.563921007)"
147.0,3399673.7456323486,21703.0,17785.0,339.96737456323484,"LINESTRING (1099177.698662279 314922.563921007, 1098921.745689381 314805.5508987871)"
148.0,5528513.042242308,21701.0,21706.0,552.8513042242307,"LINESTRING (1099313.30664876 314918.5805879447, 1099698.425182328 314935.9244982244)"
149.0,3207509.5740323886,21834.0,21879.0,320.75095740323883,"LINESTRING (1099204.262115547 315709.0943441968, 1099343.036615 315871.463776431)"
150.0,3450481.46240548,15788.0,17778.0,345.048146240548,"LINESTRING (1098811.673412345 313266.7349048369, 1098889.164506191 313602.5930597216)"
151.0,4221163.977518074,17779.0,21588.0,422.1163977518075,"LINESTRING (1098907.8983838 313693.0968611758, 1098662.05405028 313870.0387693723)"
152.0,663423.3131705372,17403.0,21855.0,66.34233131705372,"LINESTRING (1099856.744131839 315839.5025757953, 1099822.433598136 315782.7214856189)"
153.0,6575876.848873128,22072.0,19006.0,657.5876848873128,"LINESTRING (1105010.543312505 312586.5474828924, 1104486.206323667 312720.3157824277)"
154.0,6387475.849385481,19006.0,16511.0,638.7475849385479,"LINESTRING (1104486.206323667 312720.3157824277, 1104044.774613402 312559.2305959784)"
155.0,1335470.0880411193,22113.0,22126.0,133.54700880411193,"LINESTRING (1108500.732510307 312792.6256745227, 1108561.020292085 312900.5474132023)"
156.0,3044520.1764266994,22126.0,22148.0,304.45201764266994,"LINESTRING (1108561.020292085 312900.5474132023, 1108687.183728614 313102.5656554461)"
157.0,7132825.080105115,22148.0,22174.0,713.2825080105114,"LINESTRING (1108687.183728614 313102.5656554461, 1108238.701323503 313273.305333387)"
158.0,1008292.5459396061,22174.0,18958.0,100.82925459396063,"LINESTRING (1108238.701323503 313273.305333387, 1108221.411596646 313361.3356556417)"
159.0,1386706.9181221998,18958.0,18960.0,138.67069181222,"LINESTRING (1108221.411596646 313361.3356556417, 1108086.491355699 313329.3067666247)"
160.0,5608721.009594629,18960.0,22149.0,560.8721009594628,"LINESTRING (1108086.491355699 313329.3067666247, 1107868.580053184 313100.2628719006)"
161.0,4322390.536538056,22273.0,22245.0,432.2390536538056,"LINESTRING (1107746.777873411 314201.2784398386, 1107563.068931157 313891.4146948039)"
162.0,2055232.692912927,22245.0,22259.0,205.5232692912927,"LINESTRING (1107563.068931157 313891.4146948039, 1107464.545717919 314030.3414202645)"
163.0,4378551.02300125,22245.0,22223.0,437.85510230012494,"LINESTRING (1107563.068931157 313891.4146948039, 1107823.958476833 313567.3943046017)"
164.0,4280457.885711906,22223.0,18960.0,428.04578857119054,"LINESTRING (1107823.958476833 313567.3943046017, 1108086.491355699 313329.3067666247)"
165.0,5188603.789861528,22126.0,22103.0,518.8603789861529,"LINESTRING (1108561.020292085 312900.5474132023, 1108953.177584096 312622.376839346)"
166.0,5275085.15876867,18958.0,18951.0,527.508515876867,"LINESTRING (1108221.411596646 313361.3356556417, 1108729.555679478 313501.4512209331)"
167.0,1646830.7340707094,22280.0,22283.0,164.68307340707094,"LINESTRING (1100345.688850195 312798.0648296634, 1100368.590497291 312954.7879363149)"
168.0,2468970.827198175,22283.0,22295.0,246.8970827198175,"LINESTRING (1100368.590497291 312954.7879363149, 1100148.451004049 313056.5380737126)"
169.0,6004661.66549866,22295.0,22316.0,600.4661665498661,"LINESTRING (1100148.451004049 313056.5380737126, 1099821.224676739 313323.1743464423)"
170.0,2296691.825664282,22283.0,22303.0,229.66918256642816,"LINESTRING (1100368.590497291 312954.7879363149, 1100457.385675702 313145.11077581)"
171.0,763330.8629439726,22293.0,22295.0,76.33308629439726,"LINESTRING (1100086.523053518 313011.9099547025, 1100148.451004049 313056.5380737126)"
172.0,8592401.974070055,22418.0,22399.0,859.2401974070056,"LINESTRING (1111147.763774574 313359.6298404502, 1110730.402884976 313162.8476682669)"
173.0,5683680.334092593,22399.0,22428.0,568.3680334092593,"LINESTRING (1110730.402884976 313162.8476682669, 1110418.666975129 313515.9351903625)"
174.0,6455545.50217978,22481.0,22450.0,645.554550217978,"LINESTRING (1100835.043369175 313672.2128855938, 1100974.582129113 313228.7726687347)"
175.0,4693985.119552048,22514.0,22533.0,469.39851195520475,"LINESTRING (1109328.697471645 313624.4925792633, 1109553.826770382 313871.1239711329)"
176.0,2443673.064246201,20419.0,19067.0,244.36730642462015,"LINESTRING (1099260.653965447 310628.3789478405, 1099082.873558374 310720.9797961085)"
177.0,3505611.877499853,19067.0,20389.0,350.56118774998527,"LINESTRING (1099082.873558374 310720.9797961085, 1098891.58199032 310481.1490144667)"
178.0,9549047.716992788,20389.0,20359.0,954.9047716992789,"LINESTRING (1098891.58199032 310481.1490144667, 1099024.89072378 309860.4722919594)"
179.0,3612280.1441422477,20359.0,20347.0,361.2280144142248,"LINESTRING (1099024.89072378 309860.4722919594, 1099245.56408601 309773.4680717562)"
180.0,10572836.601566577,20456.0,20419.0,1057.2836601566573,"LINESTRING (1099770.1533676 311033.8889907999, 1099260.653965447 310628.3789478405)"
181.0,5345294.152342548,20458.0,19067.0,534.5294152342547,"LINESTRING (1099291.685765627 311044.0281445213, 1099082.873558374 310720.9797961085)"
182.0,3708886.9857051442,22665.0,22701.0,370.88869857051446,"LINESTRING (1126762.292548713 314640.035456219, 1126465.991692972 314782.1513528564)"
183.0,1415935.9016572698,22701.0,22724.0,141.59359016572697,"LINESTRING (1126465.991692972 314782.1513528564, 1126414.670430675 314910.6961757509)"
184.0,7863099.855060397,22665.0,22745.0,786.3099855060398,"LINESTRING (1126762.292548713 314640.035456219, 1127236.508655014 315050.4576874368)"
185.0,7466492.256109041,22745.0,22830.0,746.649225610904,"LINESTRING (1127236.508655014 315050.4576874368, 1127424.342014385 315518.5287834317)"
186.0,318132.7566653144,22830.0,22831.0,31.81327566653144,"LINESTRING (1127424.342014385 315518.5287834317, 1127393.036788673 315524.1915876623)"
187.0,4433058.17512178,16097.0,17826.0,443.305817512178,"LINESTRING (1125764.80992684 314445.7920512384, 1126127.884829352 314687.9841272869)"
188.0,81865.21234389652,17826.0,22676.0,8.186521234389652,"LINESTRING (1126127.884829352 314687.9841272869, 1126123.207003197 314694.7025402239)"
189.0,2986099.11845875,16097.0,22641.0,298.60991184587505,"LINESTRING (1125764.80992684 314445.7920512384, 1125584.089969226 314467.7632358503)"
190.0,4715515.27155869,16097.0,16094.0,471.551527155869,"LINESTRING (1125764.80992684 314445.7920512384, 1125371.821043362 314195.1355754609)"
191.0,1969847.9026860478,16094.0,22604.0,196.9847902686048,"LINESTRING (1125371.821043362 314195.1355754609, 1125532.158744217 314106.5631123472)"
192.0,5264291.443673336,17826.0,22701.0,526.4291443673335,"LINESTRING (1126127.884829352 314687.9841272869, 1126465.991692972 314782.1513528564)"
193.0,4896506.23312185,17826.0,17823.0,489.65062331218496,"LINESTRING (1126127.884829352 314687.9841272869, 1126078.797885039 315169.7697888689)"
194.0,3196275.8328530053,17823.0,22813.0,319.62758328530055,"LINESTRING (1126078.797885039 315169.7697888689, 1126107.712277186 315426.9158546103)"
195.0,3355801.1136270706,22813.0,22860.0,335.58011136270704,"LINESTRING (1126107.712277186 315426.9158546103, 1126254.551639346 315664.4853802641)"
196.0,4014584.5104349274,22860.0,22876.0,401.45845104349274,"LINESTRING (1126254.551639346 315664.4853802641, 1126391.764376907 315869.3183965732)"
197.0,4831178.366905658,22876.0,22894.0,483.1178366905658,"LINESTRING (1126391.764376907 315869.3183965732, 1126818.409437768 316078.7848449763)"
198.0,5118490.076178197,22824.0,22830.0,511.84900761781967,"LINESTRING (1127823.431023448 315491.8150212321, 1127424.342014385 315518.5287834317)"
199.0,4692777.934305443,22570.0,16087.0,469.2777934305443,"LINESTRING (1124841.449726118 313745.5958859502, 1124642.826447774 313801.208918286)"
200.0,2325520.61440632,16087.0,16092.0,232.552061440632,"LINESTRING (1124642.826447774 313801.208918286, 1124758.095966553 313998.1537240885)"
201.0,6446301.9365988895,16092.0,16094.0,644.6301936598891,"LINESTRING (1124758.095966553 313998.1537240885, 1125371.821043362 314195.1355754609)"
202.0,377732.3910978288,22575.0,16087.0,37.77323910978288,"LINESTRING (1124614.202372825 313825.8560261521, 1124642.826447774 313801.208918286)"
203.0,10515873.769197842,22969.0,22931.0,1051.5873769197844,"LINESTRING (1101763.544233496 314118.8339836033, 1101967.753127649 313808.8908083066)"
204.0,9394021.202434182,22996.0,23021.0,939.4021202434183,"LINESTRING (1126485.076563085 313931.6149651542, 1126141.984239397 314059.2667378414)"
205.0,2477785.7940740488,23074.0,16907.0,247.77857940740486,"LINESTRING (1093998.406251836 314331.1203254656, 1093906.295199838 314404.7573346569)"
206.0,366398.26128094003,16907.0,16908.0,36.639826128094,"LINESTRING (1093906.295199838 314404.7573346569, 1093897.822135899 314440.4039901269)"
207.0,452238.88686819,16908.0,16909.0,45.223888686819,"LINESTRING (1093897.822135899 314440.4039901269, 1093884.635762923 314483.6499030119)"
208.0,7220681.720550229,16909.0,23219.0,722.0681720550231,"LINESTRING (1093884.635762923 314483.6499030119, 1093776.830546257 315107.1784212188)"
209.0,773048.8431403821,23106.0,23119.0,77.30488431403822,"LINESTRING (1093768.304336434 314436.6641603243, 1093818.83089177 314468.5815798237)"
210.0,3251691.0093602207,23119.0,23165.0,325.16910093602206,"LINESTRING (1093818.83089177 314468.5815798237, 1093665.715414851 314649.220327308)"
211.0,8167402.577542039,23165.0,23226.0,816.7402577542038,"LINESTRING (1093665.715414851 314649.220327308, 1093597.493493583 315223.7529134919)"
212.0,1206876.6797070666,16907.0,23062.0,120.68766797070666,"LINESTRING (1093906.295199838 314404.7573346569, 1093911.572635065 314309.6160886849)"
213.0,2663912.5435760817,23179.0,16909.0,266.39125435760815,"LINESTRING (1094013.533726149 314691.4586448054, 1093884.635762923 314483.6499030119)"
214.0,1014960.3906245896,16908.0,23119.0,101.49603906245895,"LINESTRING (1093897.822135899 314440.4039901269, 1093818.83089177 314468.5815798237)"
215.0,6462288.315266848,23239.0,15666.0,646.2288315266845,"LINESTRING (1103582.944133453 313998.9022121858, 1103754.136209929 314331.4601083166)"
216.0,7886008.474885506,15666.0,23278.0,788.6008474885507,"LINESTRING (1103754.136209929 314331.4601083166, 1104376.152024484 314456.6340169309)"
217.0,2224117.546842837,15666.0,23287.0,222.4117546842837,"LINESTRING (1103754.136209929 314331.4601083166, 1103781.908086988 314532.7160064619)"
218.0,556936.6793453121,23362.0,17618.0,55.693667934531206,"LINESTRING (1107067.746861786 315652.9329156274, 1107117.412579945 315678.1341276569)"
219.0,6924013.57469559,17618.0,17626.0,692.401357469559,"LINESTRING (1107117.412579945 315678.1341276569, 1107119.466797677 314988.9332889894)"
220.0,2226931.2134704,17626.0,17631.0,222.69312134704,"LINESTRING (1107119.466797677 314988.9332889894, 1107116.328156494 314767.89308901)"
221.0,4650656.789430457,23337.0,17626.0,465.0656789430456,"LINESTRING (1106781.320971861 315247.6666933145, 1107119.466797677 314988.9332889894)"
222.0,7674271.089989848,17618.0,23379.0,767.4271089989846,"LINESTRING (1107117.412579945 315678.1341276569, 1107546.659829107 315994.9897268551)"
223.0,2939955.395174148,23408.0,23393.0,293.9955395174148,"LINESTRING (1114933.751567534 314707.028095581, 1114711.766106224 314638.8170969723)"
224.0,808137.0627457299,18117.0,18098.0,80.813706274573,"LINESTRING (1105156.126226206 315612.7934461224, 1105107.595696318 315666.4043800919)"
225.0,3500085.5292680506,18098.0,18108.0,350.008552926805,"LINESTRING (1105107.595696318 315666.4043800919, 1104840.421419681 315471.5059216935)"
226.0,7374532.166780456,18108.0,23467.0,737.4532166780457,"LINESTRING (1104840.421419681 315471.5059216935, 1105109.009818029 314995.6703619668)"
227.0,4698055.752458714,23467.0,23438.0,469.80557524587135,"LINESTRING (1105109.009818029 314995.6703619668, 1104932.576471607 314719.3081904739)"
228.0,2292515.7650812767,23482.0,18108.0,229.25157650812764,"LINESTRING (1105040.799829236 315426.8921089648, 1104840.421419681 315471.5059216935)"
229.0,3651051.5521946596,18098.0,23532.0,365.105155219466,"LINESTRING (1105107.595696318 315666.4043800919, 1105357.357306053 315645.5486729369)"
230.0,762278.52846556,17063.0,17064.0,76.227852846556,"LINESTRING (1101514.319746234 316621.2101315113, 1101557.444147706 316558.353377322)"
231.0,4563661.91980217,17064.0,17070.0,456.36619198021697,"LINESTRING (1101557.444147706 316558.353377322, 1101798.353843117 316171.6350730494)"
232.0,5178712.028297967,17070.0,23591.0,517.8712028297967,"LINESTRING (1101798.353843117 316171.6350730494, 1101975.463150747 315817.8779756528)"
233.0,5337582.124727609,17064.0,23669.0,533.7582124727609,"LINESTRING (1101557.444147706 316558.353377322, 1101897.811979335 316680.128543546)"
234.0,5823992.673676248,17064.0,23633.0,582.3992673676247,"LINESTRING (1101557.444147706 316558.353377322, 1101210.251903636 316365.7439371456)"
235.0,3463775.353818351,23614.0,17070.0,346.37753538183506,"LINESTRING (1102038.312567431 316227.0794569369, 1101798.353843117 316171.6350730494)"
236.0,6394351.316499928,20493.0,20503.0,639.4351316499929,"LINESTRING (1105553.179910927 310825.5518431572, 1105369.653320279 311199.5169620451)"
237.0,1300937.114484318,23747.0,23755.0,130.0937114484318,"LINESTRING (1110848.590100294 316735.2822156291, 1110759.752536706 316776.509137895)"
238.0,1288018.0597960844,23755.0,23764.0,128.80180597960845,"LINESTRING (1110759.752536706 316776.509137895, 1110680.619483113 316864.4996795089)"
239.0,6997554.944488924,23764.0,23794.0,699.7554944488925,"LINESTRING (1110680.619483113 316864.4996795089, 1110561.323122334 317364.4726761144)"
240.0,6163955.257010702,23729.0,23705.0,616.3955257010703,"LINESTRING (1110607.493449426 316531.5663791561, 1110292.797184868 316129.4921612768)"
241.0,3547612.8161413013,23729.0,23755.0,354.7612816141301,"LINESTRING (1110607.493449426 316531.5663791561, 1110759.752536706 316776.509137895)"
242.0,5132742.310433894,23810.0,17817.0,513.2742310433894,"LINESTRING (1125747.817508825 316181.9880308336, 1125392.598688724 316324.4697505559)"
243.0,823298.5795236675,17817.0,23833.0,82.32985795236675,"LINESTRING (1125392.598688724 316324.4697505559, 1125338.36921941 316338.4575433655)"
244.0,3612183.7819285514,23848.0,17814.0,361.21837819285514,"LINESTRING (1124910.953820863 316546.0709322611, 1125153.157752281 316528.0098610467)"
245.0,3185339.02380656,17814.0,17817.0,318.53390238065595,"LINESTRING (1125153.157752281 316528.0098610467, 1125392.598688724 316324.4697505559)"
246.0,1449910.386613837,23852.0,17814.0,144.9910386613837,"LINESTRING (1125166.246801517 316599.3647269193, 1125153.157752281 316528.0098610467)"
247.0,4957311.399369382,23896.0,23879.0,495.73113993693823,"LINESTRING (1109189.226174604 316593.2538335184, 1109337.043678937 316443.9112159036)"
248.0,6131065.076432277,23920.0,23937.0,613.1065076432277,"LINESTRING (1103901.557967741 316407.253056633, 1104364.096012618 316689.6999651818)"
249.0,2257934.246363541,23920.0,15951.0,225.7934246363541,"LINESTRING (1103901.557967741 316407.253056633, 1103758.26692825 316317.0992239011)"
250.0,1082184.965190595,24034.0,17348.0,108.2184965190595,"LINESTRING (1104545.289971526 317268.2360693635, 1104538.904316401 317364.9773365618)"
251.0,6345085.373951999,17348.0,17360.0,634.5085373952,"LINESTRING (1104538.904316401 317364.9773365618, 1104937.895750616 316925.6061901936)"
252.0,4648870.966393327,17360.0,23961.0,464.8870966393327,"LINESTRING (1104937.895750616 316925.6061901936, 1104768.66780077 316743.9824763892)"
253.0,5204765.932320632,17348.0,24057.0,520.4765932320632,"LINESTRING (1104538.904316401 317364.9773365618, 1104147.952363404 317622.3296554558)"
254.0,7558670.652141139,23943.0,23949.0,755.8670652141138,"LINESTRING (1105908.012140653 316294.1941189041, 1105296.270507397 316602.8922437341)"
255.0,5392203.97685168,23949.0,23978.0,539.2203976851679,"LINESTRING (1105296.270507397 316602.8922437341, 1104958.276507292 316899.4416402022)"
256.0,331656.2857781068,23978.0,17360.0,33.16562857781068,"LINESTRING (1104958.276507292 316899.4416402022, 1104937.895750616 316925.6061901936)"
257.0,3998557.4639670374,24009.0,23978.0,399.85574639670375,"LINESTRING (1105149.974684885 317091.1355661166, 1104958.276507292 316899.4416402022)"
258.0,4521547.401400365,24084.0,24070.0,452.15474014003644,"LINESTRING (1102845.526309577 316832.768599908, 1103093.25997524 316495.391185698)"
259.0,8882591.249254562,24453.0,24561.0,888.2591249254561,"LINESTRING (1091135.683637975 318412.6600265757, 1090832.55722064 318917.6893779472)"
260.0,5274344.95883287,24453.0,24407.0,527.4344958832871,"LINESTRING (1091135.683637975 318412.6600265757, 1091454.794090741 318131.7137946706)"
261.0,6528031.699166556,24407.0,24470.0,652.8031699166556,"LINESTRING (1091454.794090741 318131.7137946706, 1091748.517324488 318529.2200906181)"
262.0,4805921.710726345,24470.0,24509.0,480.59217107263447,"LINESTRING (1091748.517324488 318529.2200906181, 1092152.470436491 318697.4411251881)"
263.0,2649473.575141772,24509.0,24562.0,264.94735751417727,"LINESTRING (1092152.470436491 318697.4411251881, 1092122.193063259 318927.4399934857)"
264.0,3404034.6554161357,24210.0,24281.0,340.40346554161357,"LINESTRING (1092199.102228401 317495.8125643408, 1092401.075075497 317595.9167108027)"
265.0,2145656.5494026695,24210.0,16156.0,214.5656549402669,"LINESTRING (1092199.102228401 317495.8125643408, 1092118.912234923 317548.4541001694)"
266.0,4116275.21092782,16156.0,16163.0,411.627521092782,"LINESTRING (1092118.912234923 317548.4541001694, 1092115.964802945 317958.8488582054)"
267.0,6752696.291958341,16163.0,16170.0,675.269629195834,"LINESTRING (1092115.964802945 317958.8488582054, 1092281.252327613 318602.068362967)"
268.0,1730896.449528776,16170.0,24509.0,173.08964495287762,"LINESTRING (1092281.252327613 318602.068362967, 1092152.470436491 318697.4411251881)"
269.0,1841962.0602663578,24210.0,24167.0,184.19620602663582,"LINESTRING (1092199.102228401 317495.8125643408, 1092285.143341621 317367.4603022155)"
270.0,588855.4687712383,24167.0,24186.0,58.88554687712384,"LINESTRING (1092285.143341621 317367.4603022155, 1092278.867831194 317425.1881117757)"
271.0,6856523.7027414655,24470.0,24563.0,685.6523702741465,"LINESTRING (1091748.517324488 318529.2200906181, 1091532.127824975 318932.4929780711)"
272.0,5647386.272028312,24729.0,24629.0,564.738627202831,"LINESTRING (1091196.493775609 319667.6239129045, 1091456.498880181 319375.6098902146)"
273.0,9907473.359226968,24629.0,24670.0,990.7473359226968,"LINESTRING (1091456.498880181 319375.6098902146, 1092288.463663049 319468.9299081781)"
274.0,4941156.565408894,24670.0,16181.0,494.1156565408895,"LINESTRING (1092288.463663049 319468.9299081781, 1092511.612842973 319369.1301579393)"
275.0,3210457.804443204,16181.0,24657.0,321.04578044432037,"LINESTRING (1092511.612842973 319369.1301579393, 1092739.745240324 319443.6964933804)"
276.0,502796.9548556964,24355.0,24359.0,50.27969548556964,"LINESTRING (1092666.852596658 317852.141256923, 1092624.141834263 317878.6712127042)"
277.0,2425786.6411303026,24359.0,16936.0,242.57866411303027,"LINESTRING (1092624.141834263 317878.6712127042, 1092571.892060037 318054.7765824005)"
278.0,5968760.41302906,16936.0,16947.0,596.8760413029061,"LINESTRING (1092571.892060037 318054.7765824005, 1092336.728570069 318600.9779437281)"
279.0,827715.3855948402,16947.0,16171.0,82.771538559484,"LINESTRING (1092336.728570069 318600.9779437281, 1092303.834561326 318676.8841672998)"
280.0,7230552.815043509,16171.0,16181.0,723.0552815043511,"LINESTRING (1092303.834561326 318676.8841672998, 1092511.612842973 319369.1301579393)"
281.0,3905709.9908221625,24355.0,24237.0,390.57099908221625,"LINESTRING (1092666.852596658 317852.141256923, 1092678.845153065 317534.5119890359)"
282.0,6436087.684711893,24237.0,24114.0,643.6087684711893,"LINESTRING (1092678.845153065 317534.5119890359, 1092628.69298331 316944.4447659905)"
283.0,2885945.624894538,24134.0,24167.0,288.5945624894538,"LINESTRING (1092247.773958436 317091.2208848312, 1092285.143341621 317367.4603022155)"
284.0,2810020.5377541655,24359.0,24371.0,281.0020537754165,"LINESTRING (1092624.141834263 317878.6712127042, 1092427.364695477 317933.6260507987)"
285.0,1048868.936795136,16936.0,24396.0,104.88689367951359,"LINESTRING (1092571.892060037 318054.7765824005, 1092654.462078458 318093.4547421675)"
286.0,781632.6637103801,16170.0,16171.0,78.163266371038,"LINESTRING (1092281.252327613 318602.068362967, 1092303.834561326 318676.8841672998)"
287.0,3210289.7694261805,16947.0,24533.0,321.02897694261804,"LINESTRING (1092336.728570069 318600.9779437281, 1092474.350539733 318835.767743425)"
288.0,514638.01124587003,16155.0,16156.0,51.463801124587,"LINESTRING (1092117.514060678 317497.0092954271, 1092118.912234923 317548.4541001694)"
289.0,6249154.664325811,16155.0,24285.0,624.9154664325812,"LINESTRING (1092117.514060678 317497.0092954271, 1091781.960443101 317602.8855377514)"
290.0,7804176.18847372,16155.0,24151.0,780.417618847372,"LINESTRING (1092117.514060678 317497.0092954271, 1091874.322554498 317282.2767388324)"
291.0,651057.5399419816,24800.0,15858.0,65.10575399419815,"LINESTRING (1095552.71204067 317383.7004911924, 1095566.266697362 317436.3421479664)"
292.0,4537270.4154686,15858.0,15868.0,453.72704154686,"LINESTRING (1095566.266697362 317436.3421479664, 1095916.743355638 317151.6111137353)"
293.0,1306367.9430781214,15868.0,24757.0,130.63679430781215,"LINESTRING (1095916.743355638 317151.6111137353, 1096040.423527165 317191.5247854278)"
294.0,4120248.6692532892,24757.0,24779.0,412.0248669253289,"LINESTRING (1096040.423527165 317191.5247854278, 1096210.076134153 317273.4908856376)"
295.0,7611000.798075236,24896.0,24824.0,761.1000798075236,"LINESTRING (1096409.889631074 318199.5514418007, 1096066.749954583 317591.7663686103)"
296.0,2282415.4966299124,24824.0,16067.0,228.24154966299125,"LINESTRING (1096066.749954583 317591.7663686103, 1095922.684399563 317609.9381216585)"
297.0,1725468.3843655498,16067.0,16065.0,172.546838436555,"LINESTRING (1095922.684399563 317609.9381216585, 1095936.812541509 317781.8874322616)"
298.0,308033.14281993883,16065.0,24855.0,30.80331428199388,"LINESTRING (1095936.812541509 317781.8874322616, 1095919.202418836 317807.1604959891)"
299.0,4218235.066316746,16065.0,24894.0,421.8235066316746,"LINESTRING (1095936.812541509 317781.8874322616, 1095935.694205445 318176.2199857606)"
300.0,2964950.20555461,15858.0,15852.0,296.495020555461,"LINESTRING (1095566.266697362 317436.3421479664, 1095364.214586297 317650.5781823821)"
301.0,4583655.1156775905,16067.0,15868.0,458.36551156775903,"LINESTRING (1095922.684399563 317609.9381216585, 1095916.743355638 317151.6111137353)"
302.0,8242526.8856273005,24940.0,24957.0,824.2526885627299,"LINESTRING (1107956.429264281 317484.7697765239, 1107908.562171164 318110.2825122173)"
303.0,5796579.393289996,24957.0,24980.0,579.6579393289996,"LINESTRING (1107908.562171164 318110.2825122173, 1107584.513664625 318362.3171267029)"
304.0,6067552.597333619,24940.0,24933.0,606.7552597333619,"LINESTRING (1107956.429264281 317484.7697765239, 1108491.026941141 317423.2325545305)"
305.0,3587965.2363338787,25000.0,25019.0,358.79652363338784,"LINESTRING (1099295.322323557 317593.1625023467, 1099204.626345346 317883.1781645929)"
306.0,2478483.322215574,25019.0,25028.0,247.84833222155737,"LINESTRING (1099204.626345346 317883.1781645929, 1099441.955719694 317952.57799494)"
307.0,3363445.7613922204,25019.0,25022.0,336.344576139222,"LINESTRING (1099204.626345346 317883.1781645929, 1099011.730110206 317903.3946699035)"
308.0,3556884.722528409,20577.0,16546.0,355.68847225284094,"LINESTRING (1108262.026808308 311348.0632272501, 1107920.377028863 311335.569052736)"
309.0,6006677.28175758,16546.0,16551.0,600.6677281757579,"LINESTRING (1107920.377028863 311335.569052736, 1107389.690625315 311611.6782767023)"
310.0,7400616.816668886,16551.0,20581.0,740.0616816668886,"LINESTRING (1107389.690625315 311611.6782767023, 1107043.273612692 311350.0288401314)"
311.0,708288.7556379396,16546.0,20573.0,70.82887556379396,"LINESTRING (1107920.377028863 311335.569052736, 1107860.722383027 311318.4480704413)"
312.0,11133268.607472477,16546.0,20527.0,1113.3268607472478,"LINESTRING (1107920.377028863 311335.569052736, 1108072.704908266 310951.2118267798)"
313.0,6278372.84055689,20527.0,20509.0,627.8372840556889,"LINESTRING (1108072.704908266 310951.2118267798, 1107642.575106551 310711.6402993608)"
314.0,6036003.660485957,25090.0,25091.0,603.6003660485957,"LINESTRING (1105640.764942411 318165.5347481787, 1105368.728371098 318161.8530051626)"
315.0,9500670.661229506,25091.0,25190.0,950.0670661229509,"LINESTRING (1105368.728371098 318161.8530051626, 1104874.956876928 318576.424042327)"
316.0,5042059.1653544605,17858.0,25080.0,504.205916535446,"LINESTRING (1106283.336779833 318591.3446329915, 1106363.151825979 318115.4388093239)"
317.0,1860337.291656602,17858.0,25244.0,186.0337291656602,"LINESTRING (1106283.336779833 318591.3446329915, 1106192.119628821 318686.5884426511)"
318.0,2856780.240541434,25244.0,25274.0,285.6780240541434,"LINESTRING (1106192.119628821 318686.5884426511, 1106045.820629493 318792.0868822497)"
319.0,7562573.232250721,25274.0,25241.0,756.257323225072,"LINESTRING (1106045.820629493 318792.0868822497, 1105506.156414893 318688.1738634344)"
320.0,7601029.516392804,25241.0,25090.0,760.1029516392803,"LINESTRING (1105506.156414893 318688.1738634344, 1105640.764942411 318165.5347481787)"
321.0,4863003.976733523,25122.0,25244.0,486.3003976733523,"LINESTRING (1106099.835726652 318380.5016901789, 1106192.119628821 318686.5884426511)"
322.0,5975528.334686216,25300.0,25316.0,597.5528334686215,"LINESTRING (1093073.901845213 318339.8069218468, 1093572.745064293 318612.8664178748)"
323.0,4927534.763299416,25300.0,25287.0,492.7534763299416,"LINESTRING (1093073.901845213 318339.8069218468, 1093296.279904462 318087.0877005541)"
324.0,4049561.8606812097,25338.0,25325.0,404.95618606812104,"LINESTRING (1099810.0026629 318660.9846615576, 1099703.748765129 318303.7696479691)"
325.0,3763152.461399476,25410.0,17099.0,376.3152461399476,"LINESTRING (1109996.803734314 318698.616430632, 1110035.325471828 318401.8403644316)"
326.0,2641628.0015321923,17099.0,17123.0,264.1628001532192,"LINESTRING (1110035.325471828 318401.8403644316, 1110273.645952086 318431.2332542509)"
327.0,4968158.518046686,17123.0,25423.0,496.8158518046686,"LINESTRING (1110273.645952086 318431.2332542509, 1110402.475664762 318795.9995594947)"
328.0,1372276.076414926,25353.0,17099.0,137.2276076414926,"LINESTRING (1109953.521939481 318333.9457072018, 1110035.325471828 318401.8403644316)"
329.0,8106366.140406917,25441.0,25458.0,810.6366140406916,"LINESTRING (1125060.763115346 318444.2488207549, 1124934.663970019 319133.8528663332)"
330.0,7855181.501697735,25492.0,25479.0,785.5181501697734,"LINESTRING (1108836.668812327 318601.7669801746, 1108261.285313197 318455.8584722729)"
331.0,6916977.861750744,25521.0,25502.0,691.6977861750744,"LINESTRING (1126893.17391484 319085.4603674804, 1127053.91906396 318535.1363204195)"
332.0,4150112.9078345704,15107.0,15116.0,415.011290783457,"LINESTRING (1107618.407217384 318915.6877614372, 1107998.238413021 319068.4340165428)"
333.0,8436750.467903022,15116.0,15132.0,843.6750467903024,"LINESTRING (1107998.238413021 319068.4340165428, 1108443.779119997 319557.1015827932)"
334.0,8298451.672760648,15132.0,25582.0,829.8451672760651,"LINESTRING (1108443.779119997 319557.1015827932, 1108907.908314242 319357.2150110446)"
335.0,5252112.376102552,15107.0,25531.0,525.2112376102551,"LINESTRING (1107618.407217384 318915.6877614372, 1107134.549062685 318835.5289571573)"
336.0,5336503.108247964,15116.0,15190.0,533.6503108247964,"LINESTRING (1107998.238413021 319068.4340165428, 1107860.438658014 319507.846973366)"
337.0,6427167.772376405,25628.0,25647.0,642.7167772376406,"LINESTRING (1125088.543594291 319546.6601683029, 1124726.417376039 319939.4420132516)"
338.0,5698025.411931345,25689.0,25671.0,569.8025411931345,"LINESTRING (1092096.151295995 320990.2243190258, 1092514.27177209 320830.2938029606)"
339.0,5091479.774733986,25671.0,25725.0,509.14797747339856,"LINESTRING (1092514.27177209 320830.2938029606, 1092550.063562328 321248.1163433733)"
340.0,2468186.6518873284,25725.0,25739.0,246.81866518873287,"LINESTRING (1092550.063562328 321248.1163433733, 1092685.253881118 321412.2752527968)"
341.0,1426208.9453948392,25739.0,16195.0,142.6208945394839,"LINESTRING (1092685.253881118 321412.2752527968, 1092819.471821961 321390.8676281302)"
342.0,5218268.039393919,16195.0,16202.0,521.8268039393919,"LINESTRING (1092819.471821961 321390.8676281302, 1093079.612007322 321840.7056417157)"
343.0,3871936.7366062086,16202.0,25814.0,387.1936736606209,"LINESTRING (1093079.612007322 321840.7056417157, 1093234.197356227 322013.9766676259)"
344.0,653305.9518649734,25794.0,16202.0,65.33059518649733,"LINESTRING (1093128.148178788 321820.4004087762, 1093079.612007322 321840.7056417157)"
345.0,637464.041292843,25667.0,25671.0,63.746404129284294,"LINESTRING (1092522.805955181 320768.0111162022, 1092514.27177209 320830.2938029606)"
346.0,2751622.52593193,16195.0,15789.0,275.162252593193,"LINESTRING (1092819.471821961 321390.8676281302, 1092793.702588683 321117.3703102139)"
347.0,3918704.9793579197,15789.0,25720.0,391.870497935792,"LINESTRING (1092793.702588683 321117.3703102139, 1093114.623658659 321179.905525964)"
348.0,2169182.7797600185,25739.0,25754.0,216.91827797600186,"LINESTRING (1092685.253881118 321412.2752527968, 1092562.505649513 321547.1697371001)"
349.0,5654312.002268773,25754.0,25817.0,565.4312002268773,"LINESTRING (1092562.505649513 321547.1697371001, 1092545.899819443 322033.6073931846)"
350.0,2144455.4623455936,25685.0,15789.0,214.4455462345594,"LINESTRING (1092738.44922877 320978.7308968232, 1092793.702588683 321117.3703102139)"
351.0,6988359.456997602,20712.0,20698.0,698.8359456997603,"LINESTRING (1108949.080272584 311962.3038803072, 1109192.622948558 311813.4034273998)"
352.0,4646393.758869504,20698.0,20669.0,464.6393758869503,"LINESTRING (1109192.622948558 311813.4034273998, 1108952.840102009 311502.885828317)"
353.0,7309383.926424476,20669.0,20649.0,730.9383926424476,"LINESTRING (1108952.840102009 311502.885828317, 1109335.881525199 311020.6310360802)"
354.0,6655767.0086212065,20649.0,20653.0,665.5767008621207,"LINESTRING (1109335.881525199 311020.6310360802, 1109773.467783042 311139.8121549569)"
355.0,1144431.785772964,20698.0,20687.0,114.4431785772964,"LINESTRING (1109192.622948558 311813.4034273998, 1109276.575368124 311751.3395938539)"
356.0,7937941.979003661,25850.0,25839.0,793.794197900366,"LINESTRING (1124896.835789298 322121.1820004634, 1124891.555124153 321700.7076690785)"
357.0,7015752.663133677,25839.0,25829.0,701.5752663133678,"LINESTRING (1124891.555124153 321700.7076690785, 1124776.985787709 321172.8615896599)"
358.0,3054729.301021406,25894.0,25906.0,305.4729301021406,"LINESTRING (1091477.258990417 321485.9613523699, 1091501.311988673 321753.6910258392)"
359.0,5639904.206024263,25906.0,25926.0,563.9904206024263,"LINESTRING (1091501.311988673 321753.6910258392, 1091698.613683787 322097.0350771884)"
360.0,4233668.489185565,25926.0,25937.0,423.3668489185565,"LINESTRING (1091698.613683787 322097.0350771884, 1091455.173914423 322262.5915370808)"
361.0,4153223.070823615,25937.0,25946.0,415.3223070823615,"LINESTRING (1091455.173914423 322262.5915370808, 1091137.533505598 322414.7029729476)"
362.0,3610005.6593578677,25906.0,25903.0,361.0005659357867,"LINESTRING (1091501.311988673 321753.6910258392, 1091156.340983501 321722.3353746498)"
363.0,3887531.235426577,25971.0,25972.0,388.75312354265776,"LINESTRING (1109340.977240375 321921.9962822217, 1109163.901576601 321928.6817805062)"
364.0,1463879.3475782634,26055.0,17136.0,146.38793475782632,"LINESTRING (1104572.529907514 322890.8034182362, 1104515.295589997 322941.1889819914)"
365.0,4815390.61602523,17136.0,17149.0,481.539061602523,"LINESTRING (1104515.295589997 322941.1889819914, 1104969.247336943 323032.1770091522)"
366.0,7232057.86589637,17149.0,16301.0,723.2057865896369,"LINESTRING (1104969.247336943 323032.1770091522, 1105208.597747445 323373.0713231808)"
367.0,5093132.45899202,16301.0,16310.0,509.31324589920206,"LINESTRING (1105208.597747445 323373.0713231808, 1104863.309771161 323744.9863293103)"
368.0,2107576.959035695,26122.0,16301.0,210.75769590356953,"LINESTRING (1105122.410988296 323239.0537046143, 1105208.597747445 323373.0713231808)"
369.0,1988255.8856932097,17136.0,17297.0,198.82558856932098,"LINESTRING (1104515.295589997 322941.1889819914, 1104326.163811253 322883.5424973984)"
370.0,8128212.167190012,17297.0,26105.0,812.8212167190009,"LINESTRING (1104326.163811253 322883.5424973984, 1104689.675400771 323126.5189179964)"
371.0,9696086.684184622,17297.0,26004.0,969.608668418462,"LINESTRING (1104326.163811253 322883.5424973984, 1104312.989908273 322375.1114858746)"
372.0,2445083.4359149775,26075.0,17149.0,244.50834359149772,"LINESTRING (1105167.771518792 322949.1774363317, 1104969.247336943 323032.1770091522)"
373.0,6878942.784434827,26241.0,15408.0,687.8942784434828,"LINESTRING (1110447.438138919 322762.7016298126, 1110135.46965267 323012.5462894416)"
374.0,1635712.3404136898,15408.0,15409.0,163.571234041369,"LINESTRING (1110135.46965267 323012.5462894416, 1109971.946352074 323016.5059318294)"
375.0,4864038.590344886,15409.0,26271.0,486.4038590344886,"LINESTRING (1109971.946352074 323016.5059318294, 1109641.288431277 323085.0636999425)"
376.0,711233.0972798761,15408.0,26263.0,71.12330972798762,"LINESTRING (1110135.46965267 323012.5462894416, 1110172.926505089 323073.007098182)"
377.0,2020189.652479699,26249.0,15409.0,202.01896524796993,"LINESTRING (1109896.29985729 322839.1809500502, 1109971.946352074 323016.5059318294)"
378.0,11481565.55032929,26304.0,26303.0,1148.156555032929,"LINESTRING (1118953.403974069 325987.7497023258, 1118390.41434376 325982.4387445682)"
379.0,7076544.468584923,26338.0,26379.0,707.6544468584924,"LINESTRING (1111332.691955771 326635.5827179475, 1111460.330975773 327142.5365356904)"
380.0,7416057.650817,26433.0,18564.0,741.6057650817002,"LINESTRING (1111296.486825092 327793.6520271974, 1111778.322133302 327741.7699390532)"
381.0,6843318.727809544,20735.0,20751.0,684.3318727809544,"LINESTRING (1098756.694836037 311691.0598721568, 1099235.338565707 311920.0848368964)"
382.0,4833663.820972782,26488.0,26466.0,483.3663820972781,"LINESTRING (1117293.308178648 332310.5357423353, 1116888.491234255 332174.0836111563)"
383.0,5918678.788727607,26466.0,26496.0,591.8678788727608,"LINESTRING (1116888.491234255 332174.0836111563, 1116569.904928361 332422.8094706644)"
384.0,6180651.84235893,20776.0,20810.0,618.0651842358928,"LINESTRING (1111916.950899176 311598.4198588263, 1111515.820190338 311760.9866284429)"
385.0,3296537.1044407906,20810.0,20815.0,329.6537104440791,"LINESTRING (1111515.820190338 311760.9866284429, 1111259.503146944 311782.3302810182)"
386.0,6686440.773596271,20850.0,20869.0,668.644077359627,"LINESTRING (1126116.773366803 312127.4300923814, 1125975.674563907 312608.0439628639)"
387.0,5994689.892022455,20885.0,20901.0,599.4689892022454,"LINESTRING (1105376.477679896 312131.3448771241, 1105886.42114318 312358.4024115715)"
