id1,id2,Length,Loading,Cost,Geom
19022.0,16511.0,726.811,0.136,7268.1113207772605,"LINESTRING (1103495.905130481 312849.8469419308, 1103546.398498197 312830.166453358, 1103550.204707647 312828.6858526384, 1103589.795767884 312813.1052222619, 1103621.004447492 312801.0498996772, 1103661.18991064 312788.4501533567, 1103705.580207251 312773.1804128202, 1103801.801166496 312752.5127728716, 1103857.251617456 312741.473342018, 1103973.982961218 312721.3388908083, 1104026.607161073 312712.3709788381, 1104039.923742476 312698.2963062956, 1104047.518609524 312669.0436373654, 1104050.392907961 312636.6698008114, 1104052.299494878 312607.1206764081, 1104066.314299338 312579.7872137687, 1104044.774613402 312559.2305959784)"
20172.0,22450.0,655.012,0.007,23117.808883200916,"LINESTRING (1101384.071998439 312797.2694751563, 1101318.121246116 312864.7453569041, 1101118.121246116 313064.7453569041, 1100966.10132314 313258.8595708937, 1100974.582129113 313228.7726687347)"
20189.0,22931.0,1482.282,-0.191,14822.822973344353,"LINESTRING (1102473.928624379 312836.6261095554, 1102459.482857837 312855.7165463924, 1102452.110564358 312895.5417700927, 1102395.473078706 313031.0590228387, 1102289.411830812 313238.0424352427, 1102191.730129561 313476.1292352377, 1102121.374129557 313665.7262962539, 1102102.241163145 313691.0620962805, 1102116.662235356 313775.0174610353, 1102137.86256372 313886.0582957305, 1102141.672199833 313935.8933601006, 1102123.004402617 313942.6178468835, 1102104.625672159 313960.6218767838, 1102072.726206463 313950.1159530579, 1102075.97616226 313933.2917629224, 1102092.206801267 313920.3345904016, 1102089.709926849 313898.5478295776, 1102067.561342496 313897.7195334627, 1102045.169643072 313879.6296249531, 1102020.340743313 313837.138134175, 1101986.322642531 313818.3873225586, 1101967.753127649 313808.8908083066)"
20458.0,20751.0,1188.69,-0.009,21056.75538492556,"LINESTRING (1099291.685765627 311044.0281445213, 1099369.916864048 311065.4049736859, 1099433.698875907 311136.0619127883, 1099486.650751903 311201.3925420426, 1099518.121246116 311464.7453569041, 1099318.121246116 311664.7453569041, 1099166.549855653 311836.4891188503, 1099190.604654484 311934.6126028949, 1099207.739738067 311937.6937940767, 1099235.338565707 311920.0848368964)"
20503.0,20581.0,1944.141,-0.002,21948.94577628144,"LINESTRING (1105369.653320279 311199.5169620451, 1105388.163728919 311186.1202363998, 1105656.526371226 311304.7648167376, 1105965.268724483 311370.4592238523, 1106167.476298045 311420.1802937055, 1106578.749208614 311562.3848892183, 1106779.827589013 311627.7012993547, 1106979.342649909 311568.590503226, 1106991.710740673 311545.6458325672, 1107010.798648427 311542.478323504, 1107014.244981653 311510.2432874353, 1107002.476261548 311452.7087320047, 1107028.072170248 311364.7992873319, 1107043.273612692 311350.0288401314)"
20527.0,20669.0,1372.54,0.006,23384.332345395942,"LINESTRING (1108072.704908266 310951.2118267798, 1108086.711499099 310962.1956466783, 1108145.760441528 310930.372816136, 1108173.285597817 310920.7661352832, 1108297.351685368 310799.3941509193, 1108320.064052624 310794.7091823308, 1108341.83646739 310813.8657808069, 1108409.756705461 310943.9935737107, 1108518.121246116 311064.7453569041, 1108718.121246116 311264.7453569041, 1108993.171047675 311358.6685146076, 1108992.125952229 311377.0510073141, 1108952.840102009 311502.885828317)"
16551.0,20953.0,914.356,-0.014,15869.218705394873,"LINESTRING (1107389.690625315 311611.6782767023, 1107301.445200544 311652.5705281047, 1107255.203041687 311658.9715714325, 1107092.213344269 311681.5235061436, 1107118.121246116 311864.7453569041, 1107118.121246116 312064.7453569041, 1106987.494243982 312224.0646717771, 1107000.290350328 312231.5048000381)"
20698.0,20935.0,1165.407,0.002,43464.50753949372,"LINESTRING (1109192.622948558 311813.4034273998, 1109174.324243867 311845.1996518053, 1109150.468688068 311869.2670785662, 1109159.501001176 311892.2728706643, 1109194.200861905 311905.4137061076, 1109168.825787269 311953.0434155136, 1109168.226148426 311976.2978318188, 1109136.280000635 312077.5387238227, 1109129.655882228 312104.0256430117, 1109318.121246116 312264.7453569041, 1109518.121246116 312464.7453569041, 1109806.835272547 312506.9881756459)"
20735.0,21533.0,1171.974,-0.011,13218.861791418809,"LINESTRING (1098756.694836037 311691.0598721568, 1098765.742370443 311759.6686537139, 1098789.287767947 311774.816766708, 1098817.575022206 311780.4075691499, 1098744.070888961 312071.0818040356, 1098769.969172129 312298.4527275386, 1098752.230430157 312508.3501411767, 1098753.81230576 312554.7662229766, 1098762.523694291 312615.4813160758, 1098777.032485039 312715.4757627976, 1098835.40696497 312668.8783888372, 1098843.234215638 312647.1283627526)"
20815.0,22399.0,1936.43,-0.003,83132.39754644327,"LINESTRING (1111259.503146944 311782.3302810182, 1111282.121045691 311781.544608933, 1111307.061361445 311778.9645830173, 1111329.988873028 311785.6544598329, 1111318.121246116 312064.7453569041, 1111318.121246116 312264.7453569041, 1111318.121246116 312464.7453569041, 1111118.121246116 312664.7453569041, 1110918.121246116 312864.7453569041, 1110796.16136267 313066.0725467622, 1110771.199589105 313071.6027776636, 1110740.250693965 313036.9804276885, 1110684.094272536 313002.9329631027, 1110664.763955368 312997.5242097495, 1110648.527301523 313058.6895168019, 1110645.584257165 313093.9969498311, 1110676.614913526 313105.749855971, 1110687.129870437 313138.9451407747, 1110695.573413744 313162.6144549451, 1110730.402884976 313162.8476682669)"
20869.0,22367.0,592.778,-0.002,26688.27950800525,"LINESTRING (1125975.674563907 312608.0439628639, 1126118.121246116 312864.7453569041, 1126209.850231445 313149.5393245475)"
20901.0,18995.0,641.02,-0.002,8508.203493961091,"LINESTRING (1105886.42114318 312358.4024115715, 1105727.827888551 312268.672145621, 1105663.905055728 312283.2678358863, 1105718.121246116 312464.7453569041, 1105656.454687824 312600.5648651722, 1105601.797791962 312601.6492825181)"
21035.0,22072.0,487.69,-0.134,4876.902669521709,"LINESTRING (1105244.37557663 312765.727373442, 1105265.206804663 312770.1209667167, 1105266.090367134 312738.0352721483, 1105261.979187388 312716.2387875833, 1105252.713186991 312633.0555395471, 1105214.869776991 312636.8711778558, 1105156.857513832 312645.1435418164, 1105033.28538414 312662.7884425967, 1105001.909753928 312620.4359060434, 1104985.046230857 312606.356299167, 1105010.543312505 312586.5474828924)"
17652.0,22149.0,857.605,0.018,8576.053191427769,"LINESTRING (1107134.942886759 313103.0776543166, 1107229.762671859 313128.8013845354, 1107295.554754559 313148.1437116998, 1107362.547481517 313166.9054048435, 1107623.102255999 313227.0358232143, 1107754.144012557 313253.8242122523, 1107741.720742019 313200.5183866175, 1107766.684807275 313161.1559965992, 1107819.940535404 313128.5796271621, 1107868.580053184 313100.2628719006)"
21407.0,23278.0,709.56,0.07,19774.14976474965,"LINESTRING (1104580.570521806 313853.4182619161, 1104518.121246116 314064.7453569041, 1104518.121246116 314264.7453569041, 1104403.796035386 314485.8899042109, 1104376.152024484 314456.6340169309)"
17646.0,17631.0,1249.328,0.005,13504.451213547358,"LINESTRING (1107101.75239698 313540.1883301313, 1107098.266570732 313580.9277622379, 1107093.504477772 313638.3209094352, 1107090.891829185 313684.4067230712, 1107094.314950206 313911.395317998, 1107085.283582305 313983.0361256102, 1107062.765951036 314187.8911158652, 1107035.738158161 314394.5023607242, 1107031.671250098 314431.3579138386, 1107032.046956111 314478.6676869373, 1107041.784513465 314509.3433137288, 1107076.177570995 314582.3895934157, 1107101.530990206 314633.521560658, 1107113.803514481 314668.3788057782, 1107117.202168535 314707.6708783678, 1107116.328156494 314767.89308901)"
21741.0,22969.0,1872.233,0.198,19486.19834511417,"LINESTRING (1100543.936824307 315279.2290962308, 1100578.7176465 315310.4654386358, 1100731.045452252 315322.1258314876, 1100857.665667327 315138.9018537146, 1101011.967947721 314991.0589778693, 1101153.962605109 314833.8610479787, 1101358.394760718 314723.7281958953, 1101480.969029762 314589.4902226132, 1101631.950336016 314399.7606680496, 1101680.618531082 314365.778070571, 1101711.300706042 314301.9682198871, 1101722.658838124 314244.3218713119, 1101740.877173572 314220.4617509097, 1101792.570872276 314185.8510111703, 1101781.529311049 314168.7839941275, 1101791.295234641 314159.1453413015, 1101784.881612619 314151.740912053, 1101782.938455741 314134.9977596914, 1101769.855504618 314128.4961053927, 1101763.544233496 314118.8339836033)"
15788.0,23062.0,5739.398,-0.238,60256.76889784615,"LINESTRING (1098811.673412345 313266.7349048369, 1098775.566057229 313304.6381270327, 1098665.444595249 313289.8428751816, 1098433.236158618 313257.8429491512, 1098231.464363217 313375.8744132865, 1098008.017758865 313486.8256493959, 1097690.343700571 313562.1267411497, 1097434.787683397 313692.963967148, 1096866.881030624 313629.7169042246, 1096718.121246116 313664.7453569041, 1096623.494885025 313604.3868325923, 1096485.3576153 313572.4624214911, 1096394.283104356 313561.2747356311, 1096338.2322366 313555.9533729606, 1096296.244416907 313540.5725358649, 1096273.495662023 313500.5835563192, 1096220.705631684 313480.0906302643, 1096183.20085057 313458.3935046116, 1096137.459861929 313429.0743137404, 1096077.617348532 313416.1423243231, 1096029.87129168 313407.6770860169, 1095980.221683501 313396.0578055727, 1095942.726549697 313376.3336966311, 1095941.211349483 313384.3108744867, 1095917.032274316 313412.9348149007, 1095889.734496493 313452.3201735876, 1095880.191068489 313482.6122166567, 1095718.121246116 313664.7453569041, 1095440.430246117 313748.9154887472, 1095231.728253926 313670.1767143009, 1095184.595701898 313648.5380110517, 1095089.107545119 313610.7732331986, 1095006.301625424 313582.2981181739, 1094969.239748918 313568.1504183226, 1094907.057365821 313547.4754670916, 1094861.998044372 313530.7691935108, 1094805.923882559 313500.3146190055, 1094718.121246116 313464.7453569041, 1094476.860014597 313535.2379263205, 1094438.244470037 313598.401568142, 1094409.596893062 313642.5909507343, 1094376.700117614 313699.2484957394, 1094268.689992616 313877.487544672, 1094117.301575364 314096.6462113763, 1094016.764684589 314178.1249273253, 1093981.104655265 314203.0195706511, 1093954.951543212 314225.7247914191, 1093942.391346202 314271.1697125868, 1093933.194630089 314309.548815819, 1093911.572635065 314309.6160886849)"
22035.0,25022.0,1546.116,0.004,23687.014094561266,"LINESTRING (1098981.014617496 316991.4358547534, 1098960.394563681 316961.6878962237, 1098960.277190023 316948.8002638791, 1098941.352147253 316927.9876018627, 1098910.948143922 316832.6121738037, 1098838.611552095 316933.9312800548, 1098719.860869501 317058.008810051, 1098584.653042627 317255.5442679516, 1098718.121246116 317464.7453569041, 1098918.121246116 317664.7453569041, 1099039.354441958 317812.5929601882, 1098997.06449128 317866.3513862442, 1099011.137553496 317881.4522909215, 1099011.730110206 317903.3946699035)"
18951.0,22514.0,635.544,0.009,6679.9825240405835,"LINESTRING (1108729.555679478 313501.4512209331, 1108760.961863922 313509.6316060319, 1108859.086205911 313531.5107640274, 1108921.028331132 313541.920158997, 1108953.925373199 313549.511997286, 1109000.890853142 313562.5313021395, 1109196.165012106 313620.5540790519, 1109232.048829386 313633.8190676263, 1109263.744793883 313644.0859273438, 1109299.020332166 313657.3480873679, 1109328.697471645 313624.4925792633)"
22303.0,22450.0,566.181,-0.004,23153.587831800764,"LINESTRING (1100457.385675702 313145.11077581, 1100718.121246116 313264.7453569041, 1100966.10132314 313258.8595708937, 1100974.582129113 313228.7726687347)"
22367.0,22996.0,1010.685,-0.004,25990.492740669764,"LINESTRING (1126485.076563085 313931.6149651542, 1126500.203871013 313921.9614585498, 1126504.012521063 313941.4447047399, 1126536.426210902 313959.1769600687, 1126518.121246116 313664.7453569041, 1126518.121246116 313464.7453569041, 1126318.121246116 313264.7453569041, 1126209.850231445 313149.5393245475)"
22428.0,22533.0,1276.807,-0.006,21968.70263431788,"LINESTRING (1110418.666975129 313515.9351903625, 1110318.121246116 313664.7453569041, 1110118.121246116 313864.7453569041, 1109974.335049422 313975.4223952247, 1109804.668147467 313883.1360205424, 1109773.826949888 313880.0954835457, 1109742.792250676 313874.438639118, 1109713.409444904 313863.8194284386, 1109685.702708739 313851.0395199436, 1109657.706470276 313834.1722800091, 1109622.471571566 313812.3006449469, 1109582.592650196 313788.899277522, 1109545.544429724 313770.509434451, 1109548.720868667 313805.8542022559, 1109538.549171768 313816.582190015, 1109520.68454768 313815.6549891246, 1109523.22043903 313832.7919150137, 1109514.699951731 313858.5826625227, 1109553.826770382 313871.1239711329)"
16097.0,23021.0,804.775,0.006,8047.749136063707,"LINESTRING (1125764.80992684 314445.7920512384, 1125916.688415928 314506.0388476456, 1126105.276820075 314409.3617016266, 1126177.465035029 314346.6388658541, 1126167.47210905 314299.4956365327, 1126154.099703636 314283.9159660256, 1126145.303979262 314262.8817466616, 1126181.422935759 314222.4658152831, 1126169.885675001 314207.5788038308, 1126166.328988388 314194.4170971691, 1126167.215708878 314162.4078554959, 1126145.944066141 314153.8362309023, 1126158.76083231 314136.9822685113, 1126141.984239397 314059.2667378414)"
22813.0,23810.0,941.634,0.014,9416.34391233346,"LINESTRING (1126107.712277186 315426.9158546103, 1126092.153430406 315411.5457444363, 1126069.927434111 315408.2245097359, 1126055.910427508 315388.7134123936, 1126030.99879184 315390.9145099749, 1125979.566237738 315617.9901509644, 1125780.823542211 316076.4290334883, 1125757.938674696 316098.9305887532, 1125747.817508825 316181.9880308336)"
22969.0,23591.0,2079.518,0.004,21837.748656080934,"LINESTRING (1101763.544233496 314118.8339836033, 1101769.855504618 314128.4961053927, 1101782.938455741 314134.9977596914, 1101784.881612619 314151.740912053, 1101791.295234641 314159.1453413015, 1101781.529311049 314168.7839941275, 1101792.570872276 314185.8510111703, 1101845.967926404 314225.261835377, 1101898.458648262 314258.3773890903, 1102137.089294449 314339.6588832399, 1102129.624112464 314589.1011383468, 1102078.568067247 314783.1706723343, 1102000.153003452 315030.5583677107, 1101918.121246116 315264.7453569041, 1101878.396519478 315428.8965596603, 1101905.559414132 315662.4748420363, 1101887.851955198 315702.9954485468, 1101877.612129098 315747.4132674469, 1101874.282986609 315786.8008685977, 1101920.291090442 315778.4499677453, 1101941.240000177 315777.2227355399, 1101975.463150747 315817.8779756528)"
23226.0,24237.0,3284.302,0.043,34176.92766980074,"LINESTRING (1093597.493493583 315223.7529134919, 1093611.995436178 315207.6761267385, 1093715.428382496 315333.1462942288, 1093763.236420478 315531.7931230094, 1093854.083257417 315643.5423095851, 1093927.520284033 315831.421484961, 1093956.07345137 315979.1731131317, 1093940.066331411 316093.7679846464, 1093722.757722107 316518.838358176, 1093634.093532063 316692.9651084935, 1093505.177977428 317002.0908015954, 1093392.535272678 317228.1397591421, 1093199.99804519 317362.2622854684, 1093008.106270852 317484.4953413652, 1092831.624316428 317677.1280175002, 1092718.121246116 317664.7453569041, 1092686.77909841 317663.0076636318, 1092672.435779089 317602.2218878269, 1092652.88113039 317593.2886017077, 1092654.544966834 317578.5836763391, 1092669.493465479 317573.3253239665, 1092678.845153065 317534.5119890359)"
23278.0,18108.0,1225.573,0.067,12255.726870908753,"LINESTRING (1104376.152024484 314456.6340169309, 1104403.796035386 314485.8899042109, 1104409.157851181 314530.5062610904, 1104362.919764397 314541.184183703, 1104341.265558218 314552.6818604695, 1104380.509050313 314571.3308281391, 1104410.932278702 314597.0487201366, 1104431.598419619 314659.9105086076, 1104479.761314019 314728.0203540733, 1104608.011025789 314938.8540415425, 1104737.295668121 315146.3431078216, 1104753.633418846 315174.38696557, 1104769.482123553 315210.8884050297, 1104776.752116316 315254.8041723496, 1104825.208298981 315427.2641139497, 1104829.768785323 315458.3330944141, 1104840.421419681 315471.5059216935)"
18098.0,23961.0,1319.045,0.063,13890.680773674972,"LINESTRING (1105107.595696318 315666.4043800919, 1105128.753555153 315672.4234301954, 1105159.610687329 315679.4748142718, 1105136.762519641 315718.2974348039, 1105104.280440954 315748.195811284, 1105063.772423478 315765.5478812368, 1104918.121246116 315864.7453569041, 1104843.166823496 315936.6540781566, 1104797.162060294 316119.222200889, 1104805.162504023 316311.33364374, 1104816.130633092 316524.8089761836, 1104828.311161198 316576.9195429436, 1104843.793923754 316627.2681640527, 1104817.394622908 316648.0259591758, 1104821.782538034 316689.7927688902, 1104768.66780077 316743.9824763892)"
23577.0,15951.0,1386.345,-0.001,37455.384044847546,"LINESTRING (1103758.26692825 316317.0992239011, 1103767.510686769 316275.8120275124, 1103888.332532798 316132.0266865959, 1103904.074018669 316082.0590130025, 1103718.121246116 315864.7453569041, 1103518.121246116 315664.7453569041, 1103318.121246116 315464.7453569041, 1103146.074909639 315280.4244316023)"
23705.0,23879.0,1318.574,0.002,56956.67184019605,"LINESTRING (1110292.797184868 316129.4921612768, 1110306.746475172 316146.9359173634, 1110336.139407204 316180.2917162101, 1110337.898214977 316195.8534883228, 1110331.461214194 316268.6684922312, 1110345.685732413 316274.0439276311, 1110345.821738648 316295.4437483061, 1110118.121246116 316464.7453569041, 1109918.121246116 316464.7453569041, 1109718.121246116 316464.7453569041, 1109518.121246116 316464.7453569041, 1109349.936185787 316510.6791034116, 1109345.387473137 316495.8172515164, 1109342.041185939 316460.9979344774, 1109337.043678937 316443.9112159036)"
23794.0,17123.0,1241.44,-0.009,38769.699030255964,"LINESTRING (1110561.323122334 317364.4726761144, 1110549.336225781 317350.6233234867, 1110518.121246116 317464.7453569041, 1110518.121246116 317664.7453569041, 1110518.121246116 317864.7453569041, 1110518.121246116 318064.7453569041, 1110318.121246116 318264.7453569041, 1110260.276586297 318371.9822430033, 1110226.612951936 318397.6025164562, 1110273.645952086 318431.2332542509)"
23848.0,25441.0,2567.678,0.01,71403.48476831347,"LINESTRING (1124910.953820863 316546.0709322611, 1124923.740743955 316645.9026536465, 1124674.281142307 316693.483920665, 1124545.697350477 316771.4003427502, 1124376.956542368 316977.6667539497, 1124268.112621348 317184.2161066402, 1124318.121246116 317464.7453569041, 1124318.121246116 317664.7453569041, 1124518.121246116 317864.7453569041, 1124718.121246116 318064.7453569041, 1124918.121246116 318264.7453569041, 1125060.763115346 318444.2488207549)"
23937.0,23961.0,638.634,-0.006,11906.897559788864,"LINESTRING (1104364.096012618 316689.6999651818, 1104518.121246116 316664.7453569041, 1104718.121246116 316664.7453569041, 1104843.793923754 316627.2681640527, 1104817.394622908 316648.0259591758, 1104821.782538034 316689.7927688902, 1104768.66780077 316743.9824763892)"
15951.0,24070.0,729.612,0.002,14374.341524468617,"LINESTRING (1103758.26692825 316317.0992239011, 1103742.555670398 316346.7784052805, 1103723.869757786 316372.2648465691, 1103696.105177554 316417.9410477242, 1103518.121246116 316464.7453569041, 1103318.121246116 316464.7453569041, 1103093.25997524 316495.391185698)"
17348.0,25190.0,1603.967,0.053,29651.683473803463,"LINESTRING (1104538.904316401 317364.9773365618, 1104501.611586602 317399.0121084841, 1104518.121246116 317664.7453569041, 1104518.121246116 317864.7453569041, 1104718.121246116 318064.7453569041, 1104918.121246116 318264.7453569041, 1104929.850016895 318394.8256695475, 1104918.702238134 318432.7537073306, 1104894.294354045 318468.7758404749, 1104887.031919023 318469.3626660571, 1104871.368021764 318463.5860793674, 1104848.725919142 318471.8417729844, 1104787.138907647 318478.2075024234, 1104782.062650729 318556.2968902744, 1104800.638407671 318557.0957831221, 1104837.678151201 318590.4950239978, 1104854.866718267 318598.4114112199, 1104874.956876928 318576.424042327)"
24396.0,25300.0,626.466,0.002,12564.527554604983,"LINESTRING (1092654.462078458 318093.4547421675, 1092718.121246116 318064.7453569041, 1092918.121246116 318064.7453569041, 1093097.821526712 318256.9102680757, 1093106.797753537 318280.5926320393, 1093095.108264333 318294.3712202631, 1093073.901845213 318339.8069218468)"
16181.0,25667.0,1496.989,0.021,17640.618603306102,"LINESTRING (1092511.612842973 319369.1301579393, 1092540.378172691 319459.9616342973, 1092549.794812019 319494.9556991321, 1092560.322668074 319548.3884040489, 1092570.038021552 319615.4865351987, 1092572.989723167 319676.4395505927, 1092564.653992955 319933.9753639569, 1092554.972290835 320147.1566469815, 1092612.004504134 320338.783952748, 1092698.653117937 320566.9989171107, 1092522.805955181 320768.0111162022)"
15852.0,15789.0,4532.105,-0.006,46415.67292722278,"LINESTRING (1095364.214586297 317650.5781823821, 1095330.291461455 317699.9340879242, 1095298.218342279 317749.8383225818, 1095257.139196533 317818.8603797151, 1095229.605630569 317884.4003432504, 1095200.342919738 317959.5540273152, 1095139.910524733 318109.4707754078, 1095115.534203712 318186.0895073524, 1095118.121246116 318264.7453569041, 1095052.189218751 318364.5227868853, 1095038.104242466 318409.2718660819, 1095025.035379302 318440.830564024, 1095013.657650686 318472.8903623414, 1094992.095231535 318535.982616098, 1094963.358031448 318598.7527435965, 1094938.758295412 318647.1187908017, 1094927.515651656 318678.2951397012, 1094911.51857816 318703.7914908339, 1094890.224520913 318743.5468370607, 1094872.519034742 318784.2030013893, 1094835.794845484 318858.241582169, 1094817.219366267 318894.8736713417, 1094799.557002454 318930.3189322495, 1094772.780471671 318985.9700123579, 1094740.793799608 319039.3540107777, 1094721.95835743 319065.581349458, 1094584.518807381 319228.4974973974, 1094443.741481309 319400.9261707898, 1094424.755702348 319427.301520264, 1094384.084668203 319481.1003222677, 1094349.731353177 319526.4329443039, 1094310.906108664 319573.6986568393, 1094295.51829338 319610.9222489989, 1094281.298003033 319654.5440835002, 1094271.311212401 319683.2507042821, 1094254.180694932 319728.9618495175, 1094223.310591487 319799.6025747158, 1094212.086305535 319828.8337452753, 1094198.021368697 319867.2545384888, 1094180.873048859 319910.7694569845, 1094162.634215818 319967.3346124659, 1094145.195482257 320048.7394282139, 1094119.419552074 320180.0746095592, 1094109.728300029 320237.4242832047, 1094096.892211933 320275.1342192029, 1094067.94995355 320303.8445710336, 1094038.907146356 320334.0432827134, 1093923.591036021 320444.1315616835, 1093843.736761671 320519.8917457273, 1093758.465390253 320601.6375196032, 1093703.616394285 320648.2965817439, 1093673.819164791 320679.7942560413, 1093610.793508152 320738.306868416, 1093521.276393362 320777.9911577019, 1093446.315309728 320802.1762574828, 1093414.304007691 320815.1180579735, 1093328.104150416 320855.7390990157, 1093084.349430911 320978.3883189073, 1092974.904732104 321030.1218236753, 1092894.041317019 321068.1343820411, 1092823.653492669 321104.8004282707, 1092793.702588683 321117.3703102139)"
24957.0,25479.0,584.27,0.002,18500.507398063317,"LINESTRING (1107908.562171164 318110.2825122173, 1108019.401117946 318062.7104297185, 1108118.121246116 318264.7453569041, 1108261.285313197 318455.8584722729)"
24980.0,15107.0,756.241,-0.006,11987.034831033276,"LINESTRING (1107584.513664625 318362.3171267029, 1107590.407854045 318343.5740605597, 1107596.634197175 318330.6967786054, 1107614.470602227 318339.3102284257, 1107637.760121992 318346.6919682102, 1107630.545197221 318383.9641232919, 1107659.726464831 318405.4083074256, 1107518.121246116 318664.7453569041, 1107549.902384245 318900.9335105321, 1107585.340693579 318908.8468173035, 1107618.407217384 318915.6877614372)"
25028.0,25325.0,537.531,0.002,24198.985369854898,"LINESTRING (1099441.955719694 317952.57799494, 1099718.121246116 318064.7453569041, 1099703.748765129 318303.7696479691)"
17858.0,25531.0,1112.349,0.043,21229.48225899019,"LINESTRING (1106283.336779833 318591.3446329915, 1106314.883720379 318492.999171732, 1106352.348249954 318503.7135515434, 1106367.964532647 318513.9327514197, 1106402.667441877 318517.0301440949, 1106518.121246116 318664.7453569041, 1106718.121246116 318664.7453569041, 1106918.121246116 318664.7453569041, 1107118.121246116 318864.7453569041, 1107143.804416656 318848.3146091493, 1107134.549062685 318835.5289571573)"
25410.0,25582.0,1487.399,-0.013,15503.657791598378,"LINESTRING (1109996.803734314 318698.616430632, 1109960.134278391 318680.3177928251, 1109940.586673369 318675.4547321383, 1109902.059461587 318716.1203090862, 1109868.325724152 318754.4261617956, 1109751.633895303 318860.1663648505, 1109586.930245731 318982.3172990736, 1109382.068887869 319102.925232096, 1109225.602587758 319226.8182171762, 1109118.121246116 319264.7453569041, 1109092.266218502 319400.1884734991, 1109056.137061702 319440.4739908071, 1109030.005519068 319470.3925860825, 1108980.225634689 319431.8727286498, 1108959.61254565 319426.1830976126, 1108935.135119887 319409.9564039588, 1108926.859526894 319384.5524289822, 1108907.908314242 319357.2150110446)"
25458.0,25628.0,521.021,0.007,19161.065784928192,"LINESTRING (1124934.663970019 319133.8528663332, 1124918.121246116 319264.7453569041, 1124918.121246116 319464.7453569041, 1125088.543594291 319546.6601683029)"
25521.0,25628.0,1977.169,-0.002,107965.28362422297,"LINESTRING (1126893.17391484 319085.4603674804, 1126718.121246116 319264.7453569041, 1126518.121246116 319264.7453569041, 1126318.121246116 319264.7453569041, 1126118.121246116 319264.7453569041, 1125918.121246116 319264.7453569041, 1125718.121246116 319264.7453569041, 1125518.121246116 319464.7453569041, 1125318.121246116 319464.7453569041, 1125088.543594291 319546.6601683029)"
15190.0,16301.0,5009.892,0.019,50600.313906330965,"LINESTRING (1107860.438658014 319507.846973366, 1107876.750714098 319534.9162539184, 1107852.706209031 319553.247736334, 1107839.980071708 319582.3275577143, 1107826.083341478 319609.6333756215, 1107800.81250137 319633.9062516357, 1107769.601283777 319648.0336427917, 1107740.105995419 319677.0421931128, 1107717.724782064 319725.1181328677, 1107583.27666548 319910.6814190691, 1107511.86514828 320093.9690073472, 1107385.100163135 320215.2556494996, 1107244.127284422 320342.9886407648, 1107153.378707727 320509.5315552711, 1107010.276722973 320638.3796583069, 1106858.053511909 320731.7513862326, 1106782.980343362 320795.0599468275, 1106769.363870789 320832.2041297618, 1106773.150421046 320875.6771032995, 1106760.138950109 320905.7135708548, 1106722.200157554 320991.7703032107, 1106710.056393126 321026.2224600548, 1106696.277654231 321060.1269234367, 1106668.427961782 321091.4507113775, 1106653.617857819 321119.9427748424, 1106631.346853336 321143.1869439405, 1106591.949054721 321147.4553022491, 1106543.243659281 321219.0525680643, 1106516.090673149 321261.166471536, 1106498.139389445 321289.0383625399, 1106469.612449403 321334.7008889207, 1106452.015032324 321384.29707273, 1106449.755605956 321418.1917156639, 1106446.509001846 321470.5188352376, 1106443.343998461 321505.9075411871, 1106425.235786063 321535.2677162243, 1106398.122950518 321569.0425404899, 1106381.855782567 321589.1976043971, 1106448.612926681 321655.2550087735, 1106536.385727226 321739.097341786, 1106499.41827516 321798.270032333, 1106462.907273345 321857.8729948077, 1106389.872172432 321975.9153157243, 1106306.053466224 322116.0374506445, 1106184.479632401 322304.0476266919, 1106087.471360067 322435.4777672915, 1106059.957887139 322472.7589295179, 1105989.43394337 322559.1406145712, 1105969.846418228 322582.843895345, 1105925.576473043 322629.2299585757, 1105918.121246116 322664.7453569041, 1105882.282774671 322676.9236681969, 1105821.118447442 322743.5357528845, 1105758.831214198 322806.2892440747, 1105754.083715116 322810.8360039367, 1105728.146822952 322835.588076878, 1105695.958090975 322866.3687273829, 1105553.249121633 323026.7350641695, 1105396.465651153 323195.1018825872, 1105208.597747445 323373.0713231808)"
25647.0,25868.0,2092.536,0.004,21642.789155457864,"LINESTRING (1124726.417376039 319939.4420132516, 1124747.572544442 319949.1379577522, 1124749.915779394 319921.6394989081, 1124700.542858732 319924.7385091933, 1124599.828040605 319999.965421771, 1124371.753016689 320178.2531072225, 1124120.241117133 320401.9384660336, 1123952.312535506 320531.8700847449, 1123840.482259089 320704.9209032528, 1123783.260694119 320919.3148332797, 1123680.571649486 321089.2819525002, 1123571.506835664 321280.3495316835, 1123507.571312627 321398.7378026057, 1123469.027190289 321371.8280795213)"
25689.0,25894.0,889.011,0.005,35994.52669487832,"LINESTRING (1092096.151295995 320990.2243190258, 1092101.29232579 321006.7999646366, 1092098.56574637 321026.1459945986, 1091918.121246116 321264.7453569041, 1091718.121246116 321464.7453569041, 1091543.632147756 321534.4844072525, 1091477.258990417 321485.9613523699)"
25829.0,25868.0,1401.947,-0.003,37024.792923946115,"LINESTRING (1124776.985787709 321172.8615896599, 1124649.129309721 321288.3007689908, 1124518.121246116 321264.7453569041, 1124318.121246116 321264.7453569041, 1124118.121246116 321264.7453569041, 1123918.121246116 321264.7453569041, 1123718.121246116 321264.7453569041, 1123507.571312627 321398.7378026057, 1123469.027190289 321371.8280795213)"
25972.0,26271.0,1567.123,-0.002,41643.51838605596,"LINESTRING (1109163.901576601 321928.6817805062, 1109118.121246116 322064.7453569041, 1109118.121246116 322264.7453569041, 1109118.121246116 322464.7453569041, 1109118.121246116 322664.7453569041, 1109118.121246116 322864.7453569041, 1109356.140196643 323042.0635189633, 1109584.363092703 323034.2483482849, 1109586.535220303 323077.2274308856, 1109605.615203195 323081.144831711, 1109641.288431277 323085.0636999425)"
17297.0,18269.0,684.734,0.002,7883.817960539849,"LINESTRING (1104326.163811253 322883.5424973984, 1104238.686291409 322865.3633377138, 1104199.191480002 322857.1597883682, 1104101.496824396 322836.8654374227, 1103786.269709101 322815.7928041713, 1103750.628455533 322817.6778536853, 1103651.097187604 322846.5980543761)"
16301.0,26271.0,5333.465,0.013,56583.64255801741,"LINESTRING (1105208.597747445 323373.0713231808, 1105396.465651153 323195.1018825872, 1105553.249121633 323026.7350641695, 1105695.958090975 322866.3687273829, 1105728.146822952 322835.588076878, 1105754.083715116 322810.8360039367, 1105758.831214198 322806.2892440747, 1105821.118447442 322743.5357528845, 1105882.282774671 322676.9236681969, 1105918.121246116 322664.7453569041, 1105925.576473043 322629.2299585757, 1105969.846418228 322582.843895345, 1105989.43394337 322559.1406145712, 1106059.957887139 322472.7589295179, 1106087.471360067 322435.4777672915, 1106184.479632401 322304.0476266919, 1106306.053466224 322116.0374506445, 1106518.121246116 322064.7453569041, 1106718.121246116 322064.7453569041, 1106887.952710544 321985.4494141822, 1106923.972583275 321998.5695877286, 1106957.160787022 322008.9863510366, 1107097.360061567 322056.9532796447, 1107169.416531583 322081.6955616162, 1107236.572042827 322109.8020434705, 1107297.58161538 322143.2863535227, 1107357.659070608 322181.820035678, 1107392.689581606 322207.9750985163, 1107436.677797351 322235.5789230401, 1107480.548801388 322266.1326085915, 1107529.524713332 322293.7327578656, 1107566.455829014 322311.9488525852, 1107637.956248191 322347.2062993459, 1107669.622743718 322362.7072093728, 1107786.439616333 322419.8980674706, 1107884.432100975 322462.8603224668, 1107897.598635752 322468.6294585819, 1108018.352378438 322518.6920199025, 1108026.103792706 322521.9033687096, 1108130.416197731 322562.2628008969, 1108179.720448401 322583.9272379651, 1108222.746554128 322603.4671363778, 1108251.713218789 322619.9698497786, 1108287.970731951 322643.963096815, 1108414.690007456 322727.8411398985, 1108521.553179892 322797.9600561284, 1108585.125419301 322841.398947732, 1108630.801762301 322870.1757208683, 1108697.538146529 322907.5897098996, 1108754.459102342 322933.2474502327, 1108823.952933831 322959.7574945907, 1108854.298189228 322971.7998122415, 1108892.125255384 322982.8453997766, 1109104.694420337 323022.3929949424, 1109356.140196643 323042.0635189633, 1109584.363092703 323034.2483482849, 1109586.535220303 323077.2274308856, 1109605.615203195 323081.144831711, 1109641.288431277 323085.0636999425)"
15408.0,26303.0,9401.998,0.007,106080.71500911523,"LINESTRING (1110135.46965267 323012.5462894416, 1110248.63556388 323016.6624349026, 1110712.29512842 323091.0566671584, 1110929.049043325 323194.5821397087, 1111270.798860612 323365.5206667387, 1111411.996566724 323457.2309716779, 1111462.816216689 323496.5067754835, 1111497.61901829 323523.3901819765, 1111577.727956345 323582.1974451889, 1111581.933439722 323585.2802699098, 1111629.806722404 323620.4185861195, 1111677.261115258 323655.0988408561, 1111736.036048396 323698.0254194911, 1111761.511690801 323716.6353780611, 1111819.879662783 323756.6653894299, 1111922.309940896 323818.8870268816, 1111980.649742962 323853.2021636531, 1112029.345637574 323877.0546796206, 1112047.401241924 323885.8925042755, 1112147.464862638 323934.5509261081, 1112225.122123299 323970.3851929429, 1112294.198505737 324002.2682114866, 1112325.618066435 324016.7750161057, 1112441.373541713 324067.7821663097, 1112447.611416339 324070.5306704145, 1112503.574858497 324095.1919109147, 1112539.265213341 324110.9205345029, 1112682.974435945 324180.9418934989, 1112777.037024904 324235.8458102355, 1112940.884040609 324349.9842204405, 1113166.12742724 324523.9126578202, 1113229.089827506 324569.7477578353, 1113298.062053598 324611.4239495787, 1113419.32584905 324676.5718682936, 1113600.654107266 324767.9109544498, 1113687.962093918 324812.8707977785, 1113734.180797894 324834.3023057725, 1113742.076983407 324838.5763875194, 1113808.590160054 324868.4200891844, 1113860.90091874 324888.020134526, 1114015.469226019 324940.395644074, 1114276.688562836 325043.7107228781, 1114341.759471048 325070.0202477251, 1114399.984285076 325093.559458922, 1114464.680497735 325119.951069507, 1114532.085175666 325147.4638155676, 1114597.267521735 325173.9696998849, 1114720.039101871 325223.8818049271, 1114819.462076772 325264.1378721587, 1114907.460695475 325300.1210239393, 1114933.494978495 325309.8465392024, 1115005.916395455 325337.2916558875, 1115089.639966056 325359.6825481802, 1115104.363290964 325363.0132711859, 1115170.557682877 325377.9547234401, 1115180.345227412 325380.1626672613, 1115235.324709954 325391.9955826583, 1115348.209916049 325416.2903758461, 1115393.943614539 325426.141530173, 1115453.335063251 325442.8553963919, 1115483.932643713 325451.4681410895, 1115561.305197209 325473.2324754192, 1115613.154760852 325487.8333937615, 1115701.676730354 325512.7434956235, 1115782.86833349 325538.1759071802, 1115892.133837421 325577.2819443349, 1116007.459962331 325622.8410434917, 1116120.170549976 325667.4286709749, 1116229.274746758 325710.8071831851, 1116344.677805456 325750.344883241, 1116588.345291029 325832.7707757211, 1116824.397853282 325941.0282555516, 1117046.904719088 326063.2103334418, 1117187.211246093 326153.7543675681, 1117272.022090852 326200.5796005263, 1117451.809134933 326301.4302265487, 1117838.244903638 326523.4862428878, 1118118.121246116 326464.7453569041, 1118318.121246116 326264.7453569041, 1118390.41434376 325982.4387445682)"
26303.0,18564.0,9122.572,0.005,108624.69692347424,"LINESTRING (1118390.41434376 325982.4387445682, 1118318.121246116 326264.7453569041, 1118118.121246116 326464.7453569041, 1117838.244903638 326523.4862428878, 1117451.809134933 326301.4302265487, 1117272.022090852 326200.5796005263, 1117187.211246093 326153.7543675681, 1117046.904719088 326063.2103334418, 1116824.397853282 325941.0282555516, 1116588.345291029 325832.7707757211, 1116344.677805456 325750.344883241, 1116229.274746758 325710.8071831851, 1116120.170549976 325667.4286709749, 1116007.459962331 325622.8410434917, 1115892.133837421 325577.2819443349, 1115782.86833349 325538.1759071802, 1115701.676730354 325512.7434956235, 1115613.154760852 325487.8333937615, 1115561.305197209 325473.2324754192, 1115483.932643713 325451.4681410895, 1115453.335063251 325442.8553963919, 1115393.943614539 325426.141530173, 1115348.209916049 325416.2903758461, 1115235.324709954 325391.9955826583, 1115180.345227412 325380.1626672613, 1115170.557682877 325377.9547234401, 1115104.363290964 325363.0132711859, 1115089.639966056 325359.6825481802, 1115005.916395455 325337.2916558875, 1114933.494978495 325309.8465392024, 1114907.460695475 325300.1210239393, 1114819.462076772 325264.1378721587, 1114720.039101871 325223.8818049271, 1114597.267521735 325173.9696998849, 1114532.085175666 325147.4638155676, 1114464.680497735 325119.951069507, 1114399.984285076 325093.559458922, 1114341.759471048 325070.0202477251, 1114276.688562836 325043.7107228781, 1114015.469226019 324940.395644074, 1113860.90091874 324888.020134526, 1113718.121246116 325064.7453569041, 1113666.51619589 325167.1321742723, 1113662.323055059 325197.6046868031, 1113652.69854052 325236.3718037358, 1113638.896886233 325272.0094114716, 1113621.771518427 325298.4621758648, 1113594.008249615 325326.2865709661, 1113558.165574956 325366.1249975521, 1113538.561710122 325396.0746168317, 1113521.20510061 325423.8758472175, 1113504.054375338 325470.6385490986, 1113490.681346683 325510.4388519881, 1113479.854865433 325550.0190110616, 1113475.285459151 325596.0246682225, 1113475.574808131 325628.3994299874, 1113467.772143662 325758.7012527185, 1113465.265642508 325809.5386408301, 1113464.205203776 325846.1232686224, 1113462.360242874 325908.8968155406, 1113459.495545711 326003.7780225984, 1113433.209856151 326232.4021439102, 1113326.18908461 326413.8630438991, 1113187.51410515 326562.2257684973, 1113087.403636238 326761.8146061745, 1112993.821407458 326943.2475020583, 1112849.316519492 327125.6562513439, 1112792.169145876 327238.380747248, 1112718.121246116 327464.7453569041, 1112518.121246116 327664.7453569041, 1112405.090599246 327729.0080041882, 1112350.805576193 327740.1315448101, 1112249.644304241 327742.2173293549, 1112049.538123142 327724.1357737945, 1111997.360737541 327731.1278787689, 1111958.356174122 327735.0020246941, 1111899.28954983 327740.4800554453, 1111864.78346094 327741.1374019926, 1111812.214941626 327742.114772691, 1111778.322133302 327741.7699390532)"
26303.0,26449.0,4545.919,0.001,110139.48870376444,"LINESTRING (1118390.41434376 325982.4387445682, 1118318.121246116 326264.7453569041, 1118318.121246116 326464.7453569041, 1118318.121246116 326664.7453569041, 1118285.901188751 326778.5905202528, 1118500.209625868 326923.3414518504, 1118679.784146068 327066.7377637016, 1118819.3405017 327217.3818723492, 1118954.874042982 327391.9302881079, 1119104.532418016 327590.2227500962, 1119270.330365434 327703.4956951514, 1119456.353567891 327783.1169313672, 1119600.537527468 327848.7050887279, 1119671.934284317 327882.9666562247, 1119883.901580815 327988.6080394402, 1119918.121246116 328264.7453569041, 1119918.121246116 328464.7453569041, 1119918.121246116 328664.7453569041, 1119918.121246116 328864.7453569041, 1119918.121246116 329064.7453569041, 1119918.121246116 329264.7453569041, 1119918.121246116 329464.7453569041, 1119876.566515281 329677.9094740039)"
26379.0,26433.0,789.571,-0.002,17600.405008892125,"LINESTRING (1111460.330975773 327142.5365356904, 1111432.652130357 327135.5505203006, 1111390.687579393 327133.8147785627, 1111365.698814155 327157.743616182, 1111318.121246116 327264.7453569041, 1111318.121246116 327464.7453569041, 1111375.973714911 327604.9095716161, 1111359.442083699 327678.7363685539, 1111340.106275139 327692.6724005407, 1111328.454450896 327709.200541812, 1111321.516359568 327771.0967209169, 1111296.486825092 327793.6520271974)"
16087.0,26499.0,7394.519,-0.035,74149.69562165257,"LINESTRING (1124642.826447774 313801.208918286, 1124535.303644618 313736.4240387013, 1124437.266023797 313694.289013578, 1124227.001631834 313567.1177271069, 1123927.59683248 313538.2998157814, 1123579.776718793 313362.8392650469, 1123216.010080209 313262.310387534, 1123086.798940093 313224.7846574557, 1122870.407613901 313126.1512593169, 1122764.074402415 313061.3764668782, 1122600.51919357 312940.3867637268, 1122368.655716839 312820.251466958, 1122227.68366709 312735.073175716, 1122016.365737413 312578.1462600935, 1121686.760356491 312526.2188714409, 1121590.817262421 312496.6019196506, 1121480.933700029 312424.6640191401, 1121368.539677938 312376.5271592758, 1121160.114640573 312365.9949815335, 1121033.117556002 312363.0122379227, 1120779.719546499 312389.0544987186, 1120517.319220882 312489.0698139138, 1119843.299202956 312631.0418501875, 1119261.241439347 312628.1996726182, 1119184.170535303 312647.6959409814, 1119092.387188997 312674.699187381, 1119003.884066122 312704.7713973332, 1118903.062533882 312742.8181310717, 1118873.658080349 312753.5408061288, 1118660.075006959 312758.616488256, 1118576.949822784 312758.3679376708, 1118516.990329395 312771.9140133247, 1118375.056081479 312826.5756904581, 1118275.920632889 312854.8097500795, 1117954.80813447 312954.8788285095, 1117778.656753624 313026.9327612779, 1117711.835990212 313074.1222759219)"
23062.0,26498.0,4377.51,-0.287,46691.31558710267,"LINESTRING (1093911.572635065 314309.6160886849, 1093933.194630089 314309.548815819, 1093942.391346202 314271.1697125868, 1093954.951543212 314225.7247914191, 1093981.104655265 314203.0195706511, 1094016.764684589 314178.1249273253, 1094117.301575364 314096.6462113763, 1094268.689992616 313877.487544672, 1094376.700117614 313699.2484957394, 1094409.596893062 313642.5909507343, 1094438.244470037 313598.401568142, 1094476.860014597 313535.2379263205, 1094503.34099009 313490.1544784385, 1094538.691630925 313434.9969245738, 1094559.193614505 313404.160312162, 1094585.287556011 313347.6293800267, 1094553.727106551 313323.3924118075, 1094514.939398388 313293.9204948361, 1094471.820359514 313264.2797970252, 1094396.265488669 313221.6949967726, 1094337.034913262 313193.9809443688, 1094273.77263348 313164.0244433811, 1094214.933763805 313132.5250810498, 1094152.503916421 313098.5712922459, 1094125.185831308 313081.6309621761, 1094131.325135334 313050.8027709548, 1094128.135642563 312995.6169004111, 1094113.745087371 312902.0137530722, 1094105.322694874 312845.3243175371, 1094094.953482309 312788.7655335158, 1094088.413815067 312743.8280759236, 1094080.05405398 312708.1038279183, 1094077.078503856 312669.4266156846, 1094075.388896404 312615.5876630508, 1094082.204501724 312565.7983429278, 1094086.549074196 312532.5052870139, 1094093.472017759 312496.0137295555, 1094095.760979317 312484.5228737677, 1094106.107869659 312446.111515079, 1094118.224734291 312409.3925285125, 1094139.755094332 312354.1526180757, 1094167.053697827 312312.1899090801, 1094190.758712284 312270.3688792335, 1094226.793625373 312212.6922697803, 1094250.318496625 312175.4671864474, 1094273.999856617 312136.7632516622, 1094298.129601046 312098.2195411352, 1094324.076306472 312055.2082705934, 1094356.194389375 311960.0036801551, 1094366.006542344 311921.8688287676, 1094379.482400234 311878.5025419349, 1094427.053248526 311725.0147412671, 1094444.264664242 311658.6719634898, 1094463.000132661 311596.644514197, 1094489.716929703 311518.2482255095, 1094523.178683668 311468.7293859818, 1094544.812128806 311444.0482249246, 1094583.133309856 311424.4776444688, 1094647.656821122 311402.1144127926, 1094742.86721955 311366.1755016776, 1094779.473495557 311339.0317375925, 1094816.81635354 311302.2416216938, 1094850.507365311 311257.869463178, 1094881.511421869 311207.7063105805, 1094905.392172769 311172.4643276674, 1094935.256768339 311138.2081646289, 1094918.121246116 310864.7453569041, 1094864.976209544 310768.8675195269)"
23408.0,26499.0,3479.752,-0.002,56068.53540263712,"LINESTRING (1114933.751567534 314707.028095581, 1114929.748834452 314681.2037251369, 1115118.121246116 314464.7453569041, 1115318.121246116 314264.7453569041, 1115518.121246116 314264.7453569041, 1115710.12437807 314098.438641878, 1115718.121246116 314064.7453569041, 1115900.340714395 313839.3750738039, 1115884.358436464 313803.303338454, 1115918.121246116 313664.7453569041, 1116039.211475638 313535.0312402163, 1116214.525633067 313513.6212220197, 1116399.7198836 313475.4568114374, 1116459.500058265 313469.5708305397, 1116491.507582211 313464.2224212617, 1116711.980268275 313423.9274441408, 1116842.252055396 313397.7693565307, 1116917.664878922 313379.8291978351, 1116967.004499618 313365.1899798997, 1117049.651839048 313337.6128485927, 1117144.018335217 313302.077063494, 1117220.234952332 313270.7550512609, 1117286.722132869 313240.419762365, 1117347.5124201 313213.3431401597, 1117431.557872376 313175.3656017909, 1117520.552459532 313135.9223000585, 1117615.632059869 313094.3205143251, 1117711.835990212 313074.1222759219)"
26488.0,26497.0,1961.133,-0.002,111288.50130904104,"LINESTRING (1117293.308178648 332310.5357423353, 1117288.402674246 332296.4185233059, 1117518.121246116 332464.7453569041, 1117518.121246116 332664.7453569041, 1117518.121246116 332864.7453569041, 1117518.121246116 333064.7453569041, 1117718.121246116 333264.7453569041, 1117918.121246116 333464.7453569041, 1118118.121246116 333664.7453569041, 1118181.424935403 333867.9857545391)"
